Regulon_ID,HRGSE7696,Cox-p-valueGSE7696
2953,3.383923834,0.000714578
1648,3.377762662,0.000730781
2849,3.068637448,0.002150374
1652,3.061061078,0.002205541
172,3.060437785,0.002210137
1642,2.903200295,0.003693703
2352,2.872884921,0.004067422
1437,2.862529254,0.004202745
1833,2.854258918,0.004313736
2971,2.850269988,0.004368213
839,2.841412314,0.00449142
1777,2.831045718,0.004639609
2503,2.810908202,0.004940188
2340,-2.777933543,0.005470581
3107,-2.777933543,0.005470581
3305,-2.760624363,0.005769099
3674,2.756445064,0.005843343
2462,2.705735629,0.006815328
2200,2.662223292,0.007762636
1360,2.661246304,0.007785198
3184,2.660335021,0.007806296
876,2.65836163,0.007852159
1007,-2.631526219,0.008500231
1834,-2.599915914,0.009324661
840,-2.596032498,0.009430715
873,2.582326362,0.009813673
2164,2.530403764,0.011393133
1441,2.52759905,0.011484542
1801,-2.513759693,0.01194518
464,-2.490785406,0.012746108
548,2.489041496,0.012808801
846,-2.474202823,0.013353386
1439,2.474039964,0.013359475
1840,-2.46184876,0.013822294
1393,2.435589115,0.014867562
2273,2.428062735,0.015179717
3666,-2.414054357,0.015776109
2530,2.404920737,0.016175974
3232,2.387731647,0.016952715
1715,2.386173114,0.017024735
2615,2.384244227,0.01711424
728,2.377134592,0.01744772
2586,2.374903913,0.017553519
3568,2.349650126,0.018791065
2665,2.345018523,0.019026134
1456,2.340347205,0.01926582
2201,2.336878544,0.0194455
2725,2.317099057,0.020498336
3418,2.302551866,0.02130407
1354,2.287235137,0.022182102
1569,2.287235137,0.022182102
2107,2.273852233,0.022974872
2276,2.268859521,0.02327687
1056,2.247659953,0.024597881
1199,-2.243045878,0.024893856
2344,-2.230567354,0.025709801
1350,2.222362621,0.026258809
2912,-2.209536938,0.027137316
1502,-2.204713809,0.027474183
1187,-2.201937908,0.027669695
2664,2.176851174,0.029491673
2504,2.172265145,0.029835669
360,2.14768623,0.03173869
1559,-2.143380157,0.032082585
1501,-2.142945107,0.032117506
557,-2.135011806,0.032760046
2637,-2.132962344,0.032927815
3656,2.127031272,0.033417485
1060,-2.125873829,0.033513767
2605,2.111418676,0.034736341
1306,-2.107138859,0.035105545
2207,2.106256714,0.035182059
3360,2.090768324,0.036548837
2389,2.080702577,0.037461138
2366,-2.070385005,0.038416305
2711,-2.069613819,0.038488523
2963,2.068824286,0.038562579
2910,-2.062174662,0.03919111
1000,-2.049557907,0.040407592
1374,2.046058603,0.040750605
2940,-2.043998265,0.040953719
3435,-2.040762097,0.04127448
1343,-2.038150877,0.041534846
141,2.035806049,0.041769835
3518,2.012756288,0.044140275
2852,2.007125307,0.044736322
1043,2.005716878,0.044886463
3,2.000239547,0.045474403
169,1.996845934,0.045841922
2984,1.996845934,0.045841922
2639,-1.995530258,0.045985077
1934,1.979158309,0.047798185
888,-1.971866501,0.048624848
843,-1.966332784,0.049260182
1097,1.965801165,0.049321583
3596,1.958013265,0.050228456
1736,1.957970492,0.050233475
3020,1.95680979,0.050369836
627,-1.955109187,0.050570184
979,1.950759301,0.051085685
2184,1.939123474,0.052486305
83,1.934582799,0.053041513
2178,-1.932669359,0.053276942
898,-1.929954531,0.053612472
1026,1.920353581,0.054813253
3109,1.919473716,0.05492441
2960,1.913121947,0.055732443
1320,-1.911520381,0.05593774
3026,1.905142017,0.056761613
928,-1.903293045,0.057002318
2640,-1.901623795,0.057220355
2904,-1.895537051,0.058021288
1160,1.884970059,0.05943388
2957,1.876122421,0.060638472
1871,-1.866837335,0.061924307
3338,-1.860626852,0.06279689
208,1.854716713,0.063636691
332,-1.850207874,0.064283595
1841,-1.849445255,0.064393546
2952,1.837717333,0.066104068
3388,1.828818983,0.06742673
1079,1.828144449,0.067527876
1173,1.828144449,0.067527876
2367,1.828144449,0.067527876
892,-1.827333548,0.067649634
2101,-1.820573885,0.068671656
1621,1.819883871,0.068776692
3158,-1.818662854,0.068962882
870,-1.814786387,0.069556743
1192,-1.803724822,0.071274456
2590,1.802658951,0.071441793
924,-1.799774294,0.071896284
1492,1.798294443,0.07213036
1591,1.798294443,0.07213036
3700,1.798294443,0.07213036
932,-1.795265201,0.072611457
2141,1.788086867,0.073761994
2698,1.785257236,0.074219602
3180,1.78467511,0.07431403
3168,1.783806767,0.07445507
401,1.783168463,0.074558884
841,1.775277894,0.075852014
1521,-1.774500354,0.075980424
1365,1.772129021,0.076373142
1344,-1.770356637,0.076667749
2591,1.766720323,0.077275078
2095,1.763884278,0.077751464
1063,1.759619245,0.078472386
1162,-1.750416414,0.080046486
2969,1.748514811,0.080374923
1668,1.748104123,0.080445999
147,-1.746935665,0.080648498
1484,1.746244038,0.080768556
1367,-1.744140424,0.081134607
374,-1.74381706,0.081190995
1629,1.742541617,0.081413716
2958,-1.738042227,0.082203373
3035,-1.737039311,0.082380232
2619,-1.736692699,0.082441427
1588,-1.733704057,0.082970606
730,1.733622246,0.082985131
3387,-1.731899719,0.083291419
167,1.731184817,0.083418806
3545,-1.72951937,0.083716183
389,1.729407071,0.083736265
1662,-1.725500974,0.084437228
3212,-1.725474758,0.084441949
2291,-1.724444289,0.084627668
3527,1.717983786,0.085799573
1482,1.714701592,0.086399952
694,-1.714472169,0.086442044
1347,1.703946822,0.088391023
776,1.703823458,0.088414074
3675,1.699292407,0.089264103
1392,-1.698213052,0.089467558
571,1.697306791,0.089638674
3420,1.690834679,0.090868382
2347,-1.681879843,0.092592142
2695,-1.678260054,0.093296343
2470,-1.678258259,0.093296693
1737,1.677822687,0.093381719
1535,-1.67483525,0.093966561
1838,1.672900501,0.094346885
2966,1.664775678,0.095957518
541,-1.66416144,0.096080172
1789,1.662949103,0.096322624
1068,1.661958965,0.096521002
2338,1.658959165,0.097124021
1228,1.658360096,0.097244806
500,-1.657461619,0.097426182
1837,1.656067293,0.097708192
1039,1.650622662,0.098815648
2901,1.648210678,0.099309446
2525,1.645728576,0.099819653
1018,-1.644438179,0.100085724
2703,-1.644438179,0.100085724
1153,-1.643818714,0.100213655
996,-1.640340074,0.100934478
3350,1.637426739,0.101541335
1329,1.634956,0.102058272
726,1.633492889,0.102365375
2452,1.633492889,0.102365375
1395,-1.631052362,0.102879271
3763,1.630606542,0.102973368
2112,1.625720878,0.104009047
525,-1.624940321,0.104175276
1083,-1.624786327,0.104208095
3654,1.622705617,0.10465235
1016,1.614865757,0.106339769
881,-1.613064618,0.10673047
1552,1.611548489,0.107060228
853,1.610345229,0.107322511
990,1.609931704,0.107412767
137,1.609655884,0.107473001
699,-1.606912645,0.108073532
1540,-1.606912645,0.108073532
2302,-1.606912645,0.108073532
1923,-1.605865209,0.108303529
3464,1.599561984,0.109695788
647,-1.598125576,0.110015033
2300,1.596341871,0.110412487
3114,1.596341871,0.110412487
3548,-1.59565322,0.110566238
1314,-1.594974027,0.110718044
2388,1.592675246,0.111233063
2181,-1.58713045,0.112483103
305,-1.581854757,0.113682731
1707,1.575395334,0.115165221
3430,1.574733045,0.115318077
29,1.559847827,0.118795846
1031,1.558976087,0.11900204
1500,-1.557264059,0.119407805
2109,-1.557157325,0.119433138
252,-1.551670532,0.120741077
3216,1.54836953,0.121533353
1481,-1.543657234,0.122671392
3287,1.541358657,0.12322952
1677,-1.539249717,0.123743344
1313,-1.535244952,0.12472367
2697,-1.533676454,0.125109269
297,1.530895737,0.125795163
2634,-1.528707573,0.126336954
1498,-1.528165758,0.126471388
907,-1.52784212,0.126551742
570,-1.527755358,0.12657329
1872,1.52513915,0.127224394
550,-1.522418084,0.127904356
1267,-1.522418084,0.127904356
1505,-1.521895103,0.128035366
3477,-1.516033714,0.129510828
994,-1.51476926,0.129830848
2358,-1.514658692,0.129858861
476,1.513422403,0.130172398
516,1.511072719,0.130769925
890,-1.50984933,0.131081874
3342,-1.503713526,0.132655145
1632,1.501874398,0.13312955
3340,1.501512445,0.13322307
2896,-1.495597777,0.134758503
508,1.49299645,0.135438116
1052,1.491694418,0.135779273
15,1.491207471,0.135907033
988,-1.490651374,0.136053049
1842,-1.490074925,0.136204536
844,1.490001471,0.136223849
1071,-1.489828072,0.136269448
930,1.48767109,0.136837655
490,-1.482556973,0.138192156
2166,1.481456609,0.138484939
72,-1.478592186,0.139249342
772,1.476802186,0.13972867
3100,1.476747194,0.139743416
3577,1.474681783,0.140298116
3559,-1.47015405,0.141520036
1229,1.46920384,0.141777509
2323,1.468572711,0.141948721
3390,1.46752102,0.142234376
1449,1.465283414,0.14284361
2661,-1.461785751,0.14379993
1735,1.458838307,0.144609616
3106,1.455820072,0.145442365
2900,1.44571883,0.148256081
2954,1.440634699,0.149687912
478,1.440177777,0.149817109
2987,1.437940604,0.150450908
2461,1.435118771,0.151253255
3678,-1.434433579,0.151448571
2909,-1.429677195,0.152809688
1485,-1.41291423,0.157680945
3401,1.407454279,0.159292726
1190,1.406259812,0.159646989
2972,1.405214217,0.159957588
1044,1.403528246,0.160459375
2951,1.397940917,0.16213081
1305,-1.395331035,0.162916038
2855,1.392184473,0.163866543
2596,-1.389545314,0.164666992
3558,-1.388044281,0.165123562
2523,-1.387559566,0.165271201
2906,-1.387087797,0.165414993
872,-1.386666366,0.165543521
3541,-1.386334692,0.165644728
1795,1.386010244,0.165743776
2663,1.384966005,0.166062863
142,1.38242154,0.166842306
1321,-1.379126748,0.167855678
2199,-1.378759828,0.167968816
2280,1.377954097,0.168217461
257,1.375331301,0.169028757
1452,1.375331301,0.169028757
3436,1.372640754,0.169864056
3166,1.37232803,0.169961343
2618,-1.37190396,0.170093338
856,-1.371586071,0.170192332
1286,-1.371431642,0.170240439
1744,1.369875924,0.170725637
1727,1.367777649,0.171381686
2949,1.367308803,0.171528533
300,1.36670771,0.17171694
631,-1.363809408,0.172627559
2528,1.361474705,0.173363722
3194,1.361474705,0.173363722
2450,-1.359884161,0.173866584
3683,-1.359476995,0.173995487
1638,1.358667729,0.174251903
3567,1.349251961,0.17725605
479,1.344898045,0.178658162
857,1.344751393,0.178705532
1774,1.340964316,0.179932039
1370,-1.340542056,0.180069181
1062,1.335759132,0.181628015
1346,-1.333480932,0.182374029
689,1.333335667,0.182421674
543,1.332946991,0.1825492
1197,1.332135258,0.182815746
1364,1.330695907,0.18328909
1489,1.328581541,0.183986065
1656,1.325179138,0.185111743
1017,1.324248439,0.185420548
3183,-1.323725161,0.185594339
89,1.322257506,0.186082418
237,-1.318401774,0.187369187
517,1.316450965,0.188022726
3191,1.314899787,0.188543584
3025,1.314558764,0.188658236
2284,-1.31237553,0.189393459
1185,1.31218207,0.18945871
2343,1.308717927,0.190629917
911,-1.308414591,0.190732726
3103,1.308177107,0.190813245
1351,1.303989585,0.192237133
1184,-1.303194406,0.192508399
886,-1.299321994,0.19383345
3308,-1.293160971,0.195955391
447,-1.292513677,0.196179313
459,-1.291626527,0.196486513
683,-1.289496283,0.197225608
1291,1.285212553,0.198718018
880,-1.285186606,0.198727083
836,-1.284213335,0.199067321
1831,-1.282996031,0.199493467
572,1.282838445,0.199548682
2272,1.282542899,0.199652266
87,1.282155913,0.199787958
1106,1.282155913,0.199787958
1657,1.282155913,0.199787958
2169,1.282155913,0.199787958
727,1.276898241,0.201638175
7,1.275420449,0.202160465
1773,-1.274665118,0.202427798
2054,1.272228098,0.203292087
3111,1.272228098,0.203292087
558,-1.270402786,0.203941191
79,1.269797773,0.204156674
2384,1.269543218,0.204247387
2589,-1.269282243,0.204340417
624,-1.268786868,0.20451709
2527,1.266993076,0.205157766
539,-1.265648684,0.205638888
1935,-1.26521862,0.205792969
2917,-1.264783309,0.205949016
3355,-1.264767911,0.205954538
3595,1.261467813,0.20714035
3339,1.258951477,0.208047859
2955,1.257895711,0.208429475
1820,1.25753093,0.208561446
1790,1.256880358,0.208796962
1080,1.252427365,0.21041418
3034,1.251203314,0.210860309
1785,1.250520756,0.211109378
2031,1.250439927,0.211138887
3549,-1.247440438,0.212236047
739,-1.246117165,0.212721384
3157,1.24372786,0.213599739
210,-1.243150279,0.213812461
3112,-1.243150279,0.213812461
1067,-1.242822535,0.213933237
687,-1.239044519,0.215329012
378,-1.235234052,0.21674341
3552,1.235096636,0.216794541
3172,1.235096636,0.216794541
921,1.233807172,0.217274766
1341,1.229658344,0.218825072
887,1.227702726,0.219558583
2657,1.227605326,0.219595161
3022,-1.227342708,0.21969381
1333,-1.226930059,0.21984888
1156,-1.226320361,0.220078142
1102,-1.219337192,0.222716238
3023,1.219003195,0.22284298
371,-1.218720555,0.222950274
865,-1.218564398,0.223009569
2708,1.217615541,0.223370106
767,-1.217430263,0.223440555
862,1.215857015,0.224039395
458,-1.215486061,0.224180762
2633,-1.214708941,0.224477121
934,-1.213822725,0.224815427
1664,1.212762385,0.225220681
3178,1.210094924,0.226242471
2185,1.209564031,0.226446227
1520,1.208384634,0.226899347
372,-1.207311325,0.227312271
2415,-1.206796871,0.227510381
3422,-1.205567918,0.227984135
3268,1.203470924,0.228794136
234,-1.202129861,0.229313219
1027,-1.202129861,0.229313219
1398,-1.202129861,0.229313219
1533,-1.202129861,0.229313219
2706,-1.202129861,0.229313219
468,-1.20016411,0.230075611
2729,1.199871641,0.230189195
2726,1.199264301,0.230425192
1315,-1.196792022,0.231387629
145,1.196483104,0.231508088
85,1.196344636,0.231562097
1278,1.195150177,0.232028361
3433,1.191474053,0.233467537
2283,1.191286391,0.233541175
849,1.188448356,0.234656815
1787,-1.186134368,0.23556924
1373,1.181001989,0.237601933
1275,1.180881398,0.237649842
2100,1.180307742,0.23787784
235,-1.180182168,0.23792777
232,-1.179509367,0.238195409
1330,1.177222501,0.23910671
1328,1.176607132,0.23935235
1318,1.176285545,0.23948079
2469,1.176172897,0.239525793
1446,1.175687657,0.239719713
139,-1.175124669,0.239944842
2724,-1.174706197,0.240112279
695,-1.171218143,0.241511104
1252,-1.168783901,0.242490708
3152,1.162843386,0.244893051
943,-1.16207778,0.245203872
90,1.160852545,0.24570187
171,1.160852545,0.24570187
304,1.160852545,0.24570187
343,1.160852545,0.24570187
635,1.160852545,0.24570187
2451,-1.159416729,0.246286361
2463,-1.158520672,0.246651621
3462,1.158375675,0.246710762
2856,1.157501014,0.247067725
2448,-1.156265848,0.247572433
505,-1.15561768,0.247837573
1579,-1.153017173,0.248903336
1836,-1.153017173,0.248903336
1490,-1.149081072,0.250522553
480,-1.148967251,0.250569485
436,-1.148513336,0.250756711
2950,1.148059156,0.250944144
1105,1.146354698,0.251648419
1721,1.146354698,0.251648419
1397,-1.146312239,0.251665981
640,-1.143545245,0.25281228
1005,-1.143285348,0.252920136
487,1.142225412,0.253360336
1558,-1.140671102,0.254006817
153,1.138157043,0.255054912
355,-1.137821295,0.255195111
850,-1.136240007,0.255856131
205,-1.136018522,0.255948813
1336,1.13456368,0.256558178
2418,1.131941074,0.257659209
2449,-1.130925223,0.258086566
676,-1.130272812,0.258361287
1457,-1.129096054,0.258857316
1085,-1.127856601,0.259380485
852,1.127260714,0.259632267
4,-1.125379478,0.260428263
2989,1.125166869,0.260518329
2520,1.124080193,0.260979007
737,1.123336336,0.261294677
3570,1.121295771,0.262161985
216,-1.12089322,0.262333317
2357,1.120863906,0.262345797
1324,1.117889493,0.263614193
3573,-1.117592032,0.263741273
1802,1.117470054,0.263793397
358,-1.115664318,0.26456585
633,1.115073427,0.264818958
3417,1.112719982,0.265828711
866,-1.112403217,0.265964822
1527,1.108803778,0.26751484
1746,-1.105270234,0.269042512
3533,-1.104975729,0.269170106
1282,1.104483244,0.269383568
912,-1.103285427,0.269903233
1936,1.100859386,0.270957861
303,1.096754372,0.272748781
2722,1.096000648,0.273078491
2362,1.095177254,0.273438989
150,1.094702373,0.273647049
2363,1.093557803,0.274148965
1325,-1.093333735,0.274247296
1070,-1.092495699,0.27461528
357,-1.090937093,0.275300564
2328,-1.090345015,0.275561193
3661,1.088589709,0.276334857
2158,-1.086527576,0.277245647
1233,1.086246544,0.27736993
999,-1.085545889,0.277679951
3359,-1.083000182,0.278808342
2093,1.081345358,0.279543518
2408,-1.080735369,0.279814845
2182,-1.079813653,0.28022517
861,1.078794966,0.28067914
725,-1.078020042,0.281024812
734,-1.076989972,0.281484746
3345,1.075206404,0.282282329
328,1.073783011,0.282919946
1095,-1.073375063,0.283102869
2160,-1.073375063,0.283102869
1369,1.073186638,0.283187385
1359,1.072274736,0.283596651
3190,1.071100692,0.284124157
2595,1.070476889,0.284404706
1496,1.06805399,0.285496159
290,-1.067999506,0.285520735
133,-1.067850968,0.285587743
154,-1.066895103,0.286019206
387,-1.066777365,0.286072382
1219,1.063148665,0.287714538
388,-1.062465074,0.288024605
2326,1.060381299,0.288971167
3580,1.059987337,0.28915036
59,-1.059108883,0.289550195
2413,1.058069292,0.290023853
2990,-1.057454245,0.290304326
549,-1.056305878,0.290828492
481,1.05603953,0.290950155
2899,-1.055170118,0.291347528
1272,-1.051526289,0.293016942
1580,-1.050696956,0.293397795
491,1.049111436,0.294126833
457,-1.047549704,0.294846121
3179,1.047387572,0.294920861
3643,-1.046021724,0.295551003
2045,1.04460078,0.296207519
769,-1.043655844,0.296644646
524,1.043053674,0.296923435
1674,-1.042804963,0.297038632
3241,-1.041575418,0.297608571
1,-1.041221282,0.297772861
1455,-1.041221282,0.297772861
254,1.039431257,0.298604213
744,1.039431257,0.298604213
1028,1.038772944,0.298910347
3151,1.036839557,0.299810637
325,-1.035043783,0.300648464
242,-1.034582269,0.300864038
2638,-1.03397462,0.301148028
2034,-1.033696322,0.301278153
3203,-1.032842627,0.301677552
1074,1.032802329,0.301696414
1741,-1.031323825,0.302388989
1165,1.029692153,0.303154541
2106,1.027661765,0.304108959
3708,1.027442701,0.304212053
1168,-1.027062323,0.304391118
519,1.025815681,0.304978473
61,-1.025484296,0.305134732
3195,1.025139175,0.305297523
1010,1.024652956,0.305526968
929,-1.024205037,0.30573844
486,-1.023935239,0.305865865
884,-1.019914265,0.307769124
1009,-1.019535694,0.307948716
897,1.018917465,0.308242151
2891,1.018627238,0.308379968
2696,1.017689238,0.308825663
1201,1.017177638,0.309068932
202,-1.017002605,0.30915219
1532,-1.016089057,0.30958698
73,-1.015372706,0.309928199
1571,-1.014515991,0.310336603
935,-1.014254307,0.310461421
395,1.012361415,0.31136528
1175,1.011435104,0.311808227
158,-1.009871381,0.312556915
161,1.007896646,0.313504082
1730,1.005759767,0.314531145
3547,1.005694559,0.314562521
1076,-1.00358994,0.315576306
3554,1.003174121,0.315776857
2333,-1.000716159,0.316964053
2369,-1.000427681,0.31710358
3434,0.999885912,0.317365723
974,0.999454954,0.31757435
1443,-0.998982405,0.317803215
1628,0.997640727,0.318453605
298,0.994929688,0.319770462
1743,-0.994287784,0.320082781
2644,0.994129376,0.320159885
2444,-0.993884309,0.320279194
1270,-0.99348167,0.320475279
2099,-0.991755033,0.321317038
1922,-0.990943899,0.321712975
1713,0.989969807,0.322188877
1065,0.989360172,0.322486953
2620,0.988971729,0.322676974
1394,-0.987769546,0.323265526
1186,-0.987466181,0.323414154
837,0.987382071,0.32345537
2914,-0.987288134,0.323501406
1725,0.986691709,0.323793796
555,-0.98639467,0.32393948
440,-0.98590521,0.32417963
2911,0.983162482,0.325527477
2643,-0.983153719,0.325531789
536,-0.981203351,0.326492472
2947,0.978888495,0.327635078
12,-0.978314962,0.327918572
3351,0.975973457,0.329077618
386,-0.975844043,0.329141756
231,-0.9758061,0.329160561
623,-0.97559211,0.329266636
2278,0.974388576,0.32986364
1069,0.971721411,0.331189162
3205,0.967789822,0.333149348
3206,-0.967686393,0.333201016
1823,0.966995972,0.333546047
1216,0.966674178,0.333706939
2882,-0.966657161,0.333715449
2383,0.966400952,0.333843588
2180,-0.96469875,0.334695722
2205,0.964620376,0.33473499
2956,0.964379986,0.334855452
3101,-0.963571527,0.335260788
1196,-0.958661506,0.337729297
1553,0.95656944,0.33878462
1718,0.956179017,0.338981799
1747,0.956179017,0.338981799
2386,0.956179017,0.338981799
909,-0.955575887,0.339286548
2361,0.955479372,0.339335332
2962,0.953509926,0.340331769
882,-0.952915326,0.340632974
736,0.952066731,0.34106314
369,-0.951925236,0.3411349
2339,-0.951538868,0.341330898
342,0.949884672,0.342170856
396,0.949151715,0.342543455
1739,-0.948526685,0.342861395
2858,-0.94741665,0.34342651
1706,0.947309997,0.343480838
854,-0.94516243,0.344575957
514,-0.941145396,0.346630355
2727,0.940715125,0.346850866
3706,-0.938885281,0.347789647
2959,-0.938449427,0.348013495
3662,-0.936987982,0.34876474
2660,0.936881706,0.34881941
1798,-0.930830197,0.351941407
1366,-0.929986154,0.352378253
567,-0.929157218,0.352807615
877,0.926165191,0.354360139
1704,0.92593998,0.354477173
3421,0.925674478,0.354615175
253,-0.92468535,0.355129602
438,0.923012943,0.35600046
3098,0.917763568,0.358742659
3557,-0.917203391,0.35903607
2720,0.914626412,0.360387788
2625,0.912516742,0.36149676
212,-0.911777422,0.361885898
993,-0.910308727,0.362659718
2345,-0.906768235,0.364529371
3699,-0.906730648,0.364549252
1667,-0.906036024,0.364916785
3207,0.905746882,0.365069842
2270,0.901893438,0.367113478
2350,0.901893438,0.367113478
3204,-0.901879601,0.367120829
390,0.901644152,0.367245929
2890,-0.900674233,0.367761552
1796,0.897150844,0.369638431
526,0.894944465,0.370816776
2712,0.893979418,0.371332903
677,0.893695728,0.371484711
1488,0.892289761,0.372237641
1826,-0.887294817,0.374920195
164,-0.885230422,0.376032368
1503,0.88371178,0.37685182
135,0.88337234,0.37703513
842,-0.882482957,0.377515692
1924,-0.880738148,0.378459564
1523,0.87941554,0.379176009
3389,-0.879312531,0.379231843
3174,0.878733629,0.37954572
3475,-0.878710031,0.379558518
3177,0.877053194,0.380457746
1574,0.875940959,0.381062131
1932,-0.875704042,0.381190947
1830,-0.875502155,0.381300738
2039,-0.875502155,0.381300738
3189,0.87502208,0.381561892
77,0.874847048,0.381657134
3544,-0.873987409,0.382125111
1791,0.872957903,0.382686024
783,-0.872201612,0.3830984
2939,0.871902707,0.383261457
3361,-0.870550544,0.38399961
2908,0.868958602,0.384869774
1665,-0.862444252,0.388443098
1352,-0.861492048,0.388967099
3684,-0.861132146,0.389165266
1284,0.860614842,0.389450209
542,-0.857363534,0.391244006
3354,-0.855655509,0.392188357
452,0.85406691,0.393067917
992,0.853864871,0.393179866
945,-0.853494986,0.393384867
859,-0.852495883,0.393938923
2203,0.848539566,0.396137547
2286,0.848497684,0.396160861
1289,0.845368617,0.397905061
1049,-0.844789215,0.398228537
2417,-0.844759784,0.398244973
1312,0.844678371,0.398290439
1078,-0.844103325,0.39861167
1525,0.842661991,0.399417511
1319,-0.842059201,0.399754817
2365,0.839885234,0.400972737
2881,-0.837784448,0.402151775
27,0.837548789,0.402284165
2526,0.835753802,0.403293421
3164,0.83281592,0.404948555
642,0.832627008,0.405055122
439,0.832569788,0.405087404
864,-0.831724798,0.4055643
443,-0.831564446,0.405654838
247,0.829824925,0.406637776
1310,-0.829658046,0.406732148
3154,0.829116674,0.40703839
3163,0.828092961,0.407617856
293,-0.827896065,0.407729364
1169,0.82537514,0.409158644
2964,-0.823745894,0.410083956
207,0.819281768,0.412625672
1729,0.81735845,0.413723613
3522,-0.815208269,0.414953106
495,0.813514942,0.415922883
3028,0.813061716,0.416182675
779,0.811878486,0.416861361
1651,-0.811451797,0.417106264
2460,-0.811133957,0.417288747
1597,0.810803483,0.417478534
2506,0.810330991,0.417749968
1220,-0.808608713,0.418740252
2414,0.807783155,0.419215424
2861,-0.807636358,0.41929995
392,-0.807139145,0.419586321
24,-0.805869642,0.420318017
1279,-0.805274686,0.420661186
521,0.804437066,0.421144602
3419,-0.802693479,0.422151923
1590,-0.801695591,0.422729067
645,-0.801477811,0.422855085
1271,0.799556095,0.423968034
78,0.799434575,0.424038469
2883,-0.796611594,0.425676642
691,0.796032619,0.426013077
2421,0.796032619,0.426013077
3155,-0.79545211,0.426350558
1453,0.795246297,0.426470246
894,-0.794758508,0.426753991
528,-0.794459353,0.426928063
370,-0.794092634,0.427141505
2108,0.791192142,0.428831877
3153,0.790872156,0.429018598
3213,0.790830144,0.429043117
1057,-0.788316478,0.430511611
26,-0.787237341,0.431142942
685,-0.787057416,0.431248256
3182,0.786574684,0.431530884
3240,-0.785657561,0.432068132
250,-0.783189521,0.433515828
643,0.782638073,0.433839677
3233,0.782219857,0.434085377
160,-0.781697563,0.434392335
538,0.781104998,0.434740742
3405,0.779801098,0.43550796
1020,0.778996268,0.435981913
2044,0.778996268,0.435981913
1793,0.77813085,0.436491877
291,0.777958731,0.436593343
991,0.777448877,0.436893985
2466,0.775543225,0.438018734
511,-0.775119553,0.438269019
3579,0.773493544,0.439230348
1529,0.772862431,0.439603801
482,0.772039943,0.440090771
1316,-0.771632798,0.440331943
648,0.771392589,0.440474266
1363,0.769993116,0.441303976
1223,0.768384442,0.44225882
1176,-0.767444349,0.442817369
251,0.767079672,0.443034147
878,-0.765810847,0.443788859
82,0.765646493,0.443886672
2880,0.764925812,0.444315722
942,0.763746302,0.445018442
649,0.763297898,0.445285755
1822,0.761501406,0.44635764
326,-0.760059684,0.44721891
1584,0.759463864,0.447575123
1307,0.757739802,0.448606766
2329,-0.757390584,0.448815895
330,-0.757390584,0.448815895
3208,0.754589682,0.450495217
2631,0.753945552,0.450881916
2714,-0.753941018,0.450884639
1048,0.753572198,0.451106143
1345,-0.75241761,0.45179996
1002,0.752351349,0.451839795
259,-0.751719699,0.452219641
244,-0.74735353,0.454850188
2351,0.747093285,0.455007253
3337,-0.744512753,0.456566329
1265,-0.743239417,0.457336743
2113,0.742271614,0.457922787
2170,0.741241687,0.458546912
1021,0.740424764,0.459042297
1059,0.740059402,0.459263951
3167,0.738344838,0.460304926
209,-0.735660948,0.461937061
302,-0.735660948,0.461937061
551,0.73466145,0.462545704
3150,0.734641885,0.462557622
1339,0.734240746,0.462802024
512,-0.734162603,0.462849643
771,0.733416858,0.46330422
3391,-0.733103569,0.463495264
233,0.732401991,0.463923244
678,0.731457591,0.464499699
3102,0.731053887,0.464746239
1460,0.728044242,0.466586504
2368,-0.727205129,0.467100304
1014,0.725742754,0.467996487
2980,0.725543026,0.468118959
384,-0.722362949,0.47007136
1280,-0.722135908,0.470210924
1724,0.721911901,0.470348644
3348,0.721911901,0.470348644
977,0.721836176,0.470395205
66,-0.721454149,0.470630141
2409,-0.718574565,0.47240309
540,-0.718134077,0.47267462
2390,0.716627102,0.473604217
0,-0.716206497,0.473863852
1294,-0.716150849,0.473898209
1661,0.715771169,0.474132657
2445,-0.713778555,0.475364122
1643,0.713504088,0.475533885
3304,0.713403184,0.475596304
437,0.713035852,0.475823572
1641,-0.712087974,0.476410301
3569,0.709867878,0.477786072
2240,0.709596073,0.477954656
1340,-0.708626609,0.47855622
397,0.706942982,0.479601912
1869,-0.705120056,0.480735526
2042,-0.703781557,0.481568821
515,-0.703560016,0.481706819
838,0.701818954,0.482792077
2161,-0.700884958,0.483374813
1666,0.700303567,0.483737744
630,-0.698343904,0.484962149
1103,-0.69805136,0.485145075
2519,0.696161226,0.486327867
3202,0.696156523,0.486330812
858,-0.694955694,0.487083068
552,0.694079033,0.487632646
1454,0.689239004,0.490672876
2907,0.686508513,0.492392498
2458,0.68639434,0.492464473
908,0.685418514,0.493079864
2037,-0.685300847,0.493154097
944,-0.684587982,0.493603953
2353,0.684000115,0.493975093
2946,0.682987117,0.494614984
1578,-0.682504405,0.494920059
1198,0.68229772,0.495050715
568,0.682169285,0.495131914
3600,-0.682061979,0.495199761
3591,-0.680941717,0.49590837
23,-0.679979992,0.49651713
1438,-0.6781988,0.497645654
1023,0.676886798,0.498477781
3404,-0.676654699,0.498625065
2465,0.676380804,0.498798902
461,0.675190074,0.499555012
3186,0.675026662,0.499658826
3099,0.674810341,0.49979627
3159,-0.672594782,0.501205122
3710,-0.672293503,0.501396865
863,-0.670629072,0.502456858
939,0.670403494,0.502600608
2033,0.670401822,0.502601673
2391,0.667388694,0.504523886
3534,0.662349641,0.50774717
1277,-0.662212093,0.507835305
3707,0.662007904,0.507966156
3030,0.661481919,0.508303306
1792,-0.660089606,0.509196329
1740,0.659957001,0.509281424
1709,0.659759489,0.509408184
1775,0.659276756,0.509718065
2887,0.658390883,0.510286992
978,-0.657447979,0.51089291
1554,-0.657405556,0.51092018
3478,0.656200029,0.51169543
3657,0.654337946,0.512894104
1349,0.654036285,0.513088429
3704,0.653400465,0.513498139
206,0.65225172,0.5142388
2854,-0.651633001,0.514637953
377,-0.649906778,0.51575244
1338,-0.649746009,0.515856299
2159,-0.649264605,0.51616736
445,-0.648406329,0.516722178
3156,-0.648257589,0.51681836
241,0.648146275,0.516890347
2522,0.64500204,0.518925864
899,0.643778148,0.519719306
1925,0.642628918,0.520464915
3309,0.642628918,0.520464915
2271,0.641821877,0.520988844
1565,0.641709475,0.521061836
134,0.641677333,0.521082709
1332,0.639820118,0.522289552
523,0.639625881,0.522415852
1054,-0.639469607,0.522517479
1215,0.639215835,0.522682532
2977,-0.637876339,0.523554181
2179,-0.635154127,0.525327898
3171,-0.634720778,0.52561054
1486,-0.634619071,0.525676887
140,-0.633916687,0.526135195
3581,0.632273254,0.527208337
867,-0.631278296,0.527858576
1200,0.630221526,0.528549657
732,-0.629896867,0.528762063
394,-0.629168632,0.529238662
1331,-0.628857132,0.529442593
775,-0.623537126,0.532931613
2404,0.623511704,0.532948314
1828,0.623182604,0.533164532
1595,-0.622738127,0.533456624
1213,-0.62235557,0.533708089
1780,0.620695954,0.534799692
3200,0.619377315,0.535667822
3525,-0.619029924,0.535896646
1930,0.618977531,0.535931161
2981,0.618966444,0.535938465
1649,0.618907911,0.535977027
900,-0.617312833,0.537028404
86,0.616175997,0.537778369
1536,0.616175997,0.537778369
2296,0.616175997,0.537778369
3196,0.616175997,0.537778369
1563,-0.615380627,0.538303382
1519,-0.613055876,0.539839394
1041,0.612702033,0.540073378
741,-0.612640486,0.540114082
781,0.612400904,0.540272544
1712,0.611860683,0.540629937
1399,0.610116199,0.541784837
2659,-0.609065692,0.542480897
69,-0.608038779,0.543161754
1088,-0.608038779,0.543161754
3029,-0.607106073,0.54378052
2290,-0.606383145,0.544260358
1226,0.60521623,0.545035333
3353,-0.602388765,0.546915387
1174,0.601812386,0.547299029
504,-0.600562508,0.548131416
698,-0.600562508,0.548131416
1204,-0.600562508,0.548131416
217,-0.600025426,0.548489291
80,0.599702763,0.548704346
2385,0.599702763,0.548704346
646,0.598319548,0.549626736
88,-0.595495629,0.55151222
1534,0.592792543,0.553319999
1835,0.592792543,0.553319999
1539,0.59205764,0.553811992
2359,0.59093572,0.554563491
163,0.589828301,0.555305767
473,-0.58786517,0.556622796
1592,0.587732177,0.556712075
1589,-0.585549416,0.55817835
2704,-0.585232214,0.558391587
2410,-0.58512335,0.558464779
1800,0.584072733,0.559171379
1405,-0.582911831,0.559952656
493,-0.581428538,0.560951668
449,0.581285947,0.561047751
2360,-0.580013126,0.561905766
2103,0.579124653,0.562505066
1716,-0.578966026,0.562612097
1032,0.578560783,0.562885573
2888,0.576484837,0.564287516
1634,0.575590444,0.564892041
1929,0.575301414,0.565087465
62,0.572358397,0.567079194
1288,0.571930085,0.567369341
474,0.571348837,0.567763203
2098,0.571348837,0.567763203
2342,0.571348837,0.567763203
2621,0.571088942,0.567939354
3474,-0.571088832,0.567939429
3192,0.569364841,0.569108572
489,-0.568972617,0.569374723
2041,-0.568972617,0.569374723
2464,-0.568972617,0.569374723
1335,-0.56770498,0.57023531
1522,0.565051644,0.572038638
2624,0.564234545,0.572594521
1788,0.564188334,0.572625966
1779,-0.563646734,0.572994575
684,-0.563286736,0.573239649
462,0.56301457,0.573424963
1647,-0.562778829,0.573585498
3555,-0.562737285,0.573613791
1222,-0.562663512,0.573664035
975,-0.561232571,0.574639001
159,-0.561178191,0.574676068
2905,0.560576821,0.575086056
499,0.560189538,0.575350163
2050,0.560189538,0.575350163
2709,0.560189538,0.575350163
3343,-0.558163662,0.576732632
777,0.556030417,0.578190061
2202,0.555766711,0.578370345
1050,-0.555737281,0.578390466
2038,0.554503714,0.579234165
2857,-0.55439342,0.579309628
895,0.55352578,0.579903433
1283,-0.552768721,0.580421789
2355,0.551955147,0.580979084
329,-0.550178783,0.582196755
14,0.549135061,0.582912766
2970,0.548731661,0.583189615
1655,0.548475071,0.583365742
1444,0.547815754,0.58381842
544,-0.546747095,0.584552495
1268,0.543012292,0.587121339
738,0.542822491,0.587252026
243,-0.541272356,0.588319871
494,-0.541272356,0.588319871
1327,0.541268195,0.588322739
3271,-0.540008238,0.589191351
1587,-0.539931515,0.589244263
1308,-0.539248995,0.589715057
3209,0.538997903,0.589888301
2974,0.538988028,0.589895116
914,-0.536957182,0.591297191
81,-0.536347735,0.591718246
1726,-0.534356765,0.593094725
3270,0.534299234,0.593134522
1572,0.533495445,0.593690663
910,-0.533366317,0.593780029
2728,-0.532972565,0.594052572
166,-0.532747659,0.59420827
3664,0.532431642,0.594427075
148,0.530293935,0.595908151
1566,0.530293935,0.595908151
203,0.529427361,0.596509022
2632,-0.529220718,0.596652346
3521,-0.528978995,0.596820021
1402,0.528441544,0.59719291
506,0.528365258,0.597245846
1167,-0.526615309,0.598460759
2961,-0.525528884,0.59921558
697,0.523758635,0.600446427
778,0.523758635,0.600446427
1273,0.523758635,0.600446427
1538,0.523758635,0.600446427
2423,0.523758635,0.600446427
2718,0.523758635,0.600446427
3170,0.523758635,0.600446427
3472,-0.523699734,0.600487401
1362,0.523430323,0.600674827
502,0.522762575,0.601139487
2702,0.522007375,0.601665196
1622,-0.521677092,0.601895177
1073,-0.521396048,0.602090904
3017,-0.51949698,0.603414218
2324,-0.518914114,0.603820635
450,-0.518510111,0.604102407
3162,0.518303649,0.604246427
1821,0.516813567,0.605286309
1742,0.516277145,0.605660856
2505,-0.515665437,0.606088099
1358,-0.515339852,0.606315555
2635,0.512183004,0.608522937
1753,0.511928597,0.608700983
2731,-0.511610039,0.608923958
138,-0.510174796,0.609929008
2626,0.509940623,0.610093061
2941,-0.509070959,0.610702487
1311,-0.508992466,0.610757505
1055,0.508690223,0.610969377
3703,-0.506827756,0.612275679
1100,-0.506047435,0.61282335
2915,0.505184721,0.613429101
2287,0.50517345,0.613437017
1442,0.505156872,0.613448659
1751,-0.50444339,0.613949834
13,-0.502779315,0.615119438
2171,0.501177482,0.616246221
1708,-0.500908668,0.616435402
2416,-0.499919388,0.61713184
3307,0.499540182,0.617398887
1645,0.497920935,0.618539771
1646,-0.49691146,0.61925149
456,0.496199902,0.61975338
1355,0.496199902,0.61975338
1583,0.496199902,0.61975338
2424,0.496199902,0.61975338
3543,-0.495391695,0.620323656
8,0.49346419,0.621684636
256,-0.491555234,0.623033797
1819,-0.489313717,0.624619611
3593,0.487216886,0.62610464
1181,-0.486819418,0.626386309
938,-0.486711692,0.626462658
1193,0.486222052,0.626809738
2721,-0.485929424,0.627017206
1827,-0.485346478,0.627430591
1061,0.485270893,0.6274842
3431,0.48520684,0.62752963
3524,-0.484932634,0.627724133
1217,0.484304682,0.628169654
2897,0.483821897,0.628512274
1096,-0.482522261,0.629434989
2617,-0.479782786,0.631381855
1926,0.479766929,0.631393131
240,0.479208967,0.631789976
3018,-0.475853484,0.634178763
848,0.475824386,0.634199495
3198,-0.472829158,0.636335069
1928,-0.47252046,0.636555341
2110,-0.469809429,0.638491177
2715,-0.467316423,0.640273509
1556,0.466821304,0.640627732
879,0.464824311,0.642057277
927,0.464735111,0.642121161
3432,0.464402959,0.64235907
463,0.461674317,0.644314892
1155,0.461564194,0.644393877
2332,-0.460948881,0.644835281
10,-0.46034121,0.645271326
1022,-0.45751557,0.647300514
3679,-0.457236541,0.647501036
2275,0.455685673,0.648616026
1227,-0.45487004,0.649202738
1353,-0.452472499,0.650928629
331,-0.452400797,0.650980273
1752,0.451675343,0.651502884
1230,-0.4510289,0.65196872
467,-0.450354947,0.652454525
2176,0.448185943,0.654019007
1368,-0.44721399,0.654720561
2507,-0.446977715,0.65489115
2346,0.443255335,0.657581058
997,-0.442979424,0.657780617
2,-0.442632265,0.658031743
2713,0.442442946,0.658168708
3024,-0.442203863,0.658341691
2239,0.441851551,0.658596632
1530,-0.44081188,0.659349192
2699,-0.440583066,0.659514864
465,0.4399838,0.659948841
1004,0.439544093,0.66026734
2943,0.439418718,0.660358166
296,-0.438681751,0.660892152
2701,-0.438085332,0.661324427
5,-0.437706827,0.66159882
1676,0.437592398,0.661681783
2040,0.436789433,0.662264063
3197,-0.436412,0.662537834
498,-0.43627732,0.662635535
1506,0.436085234,0.66277489
2204,0.436085234,0.66277489
2862,-0.434653192,0.663814179
3211,-0.434040787,0.664258823
3644,-0.433167964,0.664892751
2420,0.432694971,0.665236384
136,-0.431879114,0.665829276
3357,0.43108924,0.666403484
1451,0.430975911,0.666485886
2662,-0.430795874,0.6666168
3682,-0.429991374,0.667201916
2902,0.428871435,0.668016789
509,-0.427537771,0.66898768
3402,-0.426870805,0.669473431
2274,-0.425195583,0.670694104
1058,-0.42311233,0.672213307
1680,0.422570126,0.672608927
75,-0.421753578,0.673204893
1177,0.421226629,0.673589601
1012,0.418744544,0.675402838
3641,0.417693728,0.676171059
1734,-0.416846743,0.67679051
2978,0.416355408,0.677149954
3680,0.414550325,0.678471119
1586,0.414176937,0.678744531
644,-0.411380723,0.680793387
545,0.410698705,0.681293477
3513,0.410343099,0.681554281
1015,-0.409658511,0.682056469
215,-0.40646276,0.684402614
3520,-0.405968536,0.684765719
1292,0.405624358,0.685018628
554,-0.405523047,0.685093081
3550,-0.405332675,0.685232991
301,0.404752588,0.685659382
477,0.404752588,0.685659382
1403,0.404752588,0.685659382
2446,-0.404317101,0.685979551
2903,-0.404001334,0.686211738
68,-0.401383574,0.688137741
3508,-0.397246474,0.691185714
1293,-0.396579299,0.69167772
1650,0.396373263,0.691829687
1357,0.395960764,0.692133973
3349,0.392678504,0.694556949
1087,0.391730988,0.695256991
2848,-0.389464293,0.69693272
1670,-0.388235137,0.697842033
3466,-0.387314166,0.69852364
3589,-0.385763134,0.699672101
1161,-0.385548137,0.69983135
2913,0.381739359,0.702654703
891,-0.381700108,0.70268382
65,-0.380022448,0.703928752
2622,-0.380022448,0.703928752
3742,0.379738655,0.704139423
782,0.379688746,0.704176475
3175,0.379688746,0.704176475
1391,-0.379372795,0.70441105
2325,0.37786108,0.705533796
1436,-0.377038266,0.706145168
1843,-0.375728637,0.707118646
1356,-0.375071878,0.707607011
869,-0.374594226,0.707962268
1794,-0.372442762,0.709563221
446,-0.372355761,0.709627987
1163,0.370901141,0.710711165
3473,0.37070313,0.710858659
334,0.36935343,0.711864305
3176,-0.368639222,0.712396656
1212,0.367738484,0.713068242
919,0.36709612,0.713547321
2162,-0.366919662,0.713678944
245,0.366016996,0.714352394
1033,0.364898196,0.715187401
1639,0.364806427,0.715255907
874,-0.361916656,0.717414313
1728,0.360505959,0.718468801
3303,-0.360418383,0.718534282
1157,0.358880695,0.719684342
3536,0.358822346,0.719727995
30,-0.358030977,0.720320132
2319,0.35577863,0.722006354
2301,0.354626432,0.722869472
913,-0.354434785,0.723013069
1448,0.354318776,0.723099998
688,0.353390114,0.723795996
1933,0.353152502,0.723974114
453,0.352350231,0.724575622
2973,0.352284975,0.724624555
3027,-0.352044901,0.724804589
391,-0.351228747,0.725416745
3215,0.350848436,0.725702057
1581,-0.350572799,0.725908866
2348,-0.349595896,0.726641992
2707,-0.349530546,0.726691043
1371,0.34943031,0.726766282
492,-0.34659438,0.728896069
871,0.346562744,0.728919839
3310,0.346055699,0.729300856
1593,0.345806001,0.729488515
220,-0.344950976,0.730131227
1772,-0.344929254,0.730147557
933,0.342760497,0.731778646
1101,0.342409046,0.732043082
2049,0.342409046,0.732043082
2289,0.342409046,0.732043082
1008,0.341952316,0.732386778
1195,0.340879466,0.733194324
507,-0.339118504,0.734520459
76,-0.338970955,0.734631611
2593,0.338721569,0.734819491
1637,0.338386347,0.735072062
743,-0.338025196,0.7353442
3676,-0.337784266,0.735525768
501,-0.337784266,0.735525768
693,-0.337784266,0.735525768
1030,-0.337784266,0.735525768
1720,-0.337784266,0.735525768
2051,-0.337784266,0.735525768
2292,-0.337784266,0.735525768
2529,-0.337784266,0.735525768
3642,-0.337628354,0.735643272
2330,-0.336290859,0.736651542
1585,0.336198652,0.73672107
1782,0.335742159,0.737065311
2320,-0.334675725,0.737869715
2658,0.334569812,0.73794962
2096,-0.334278218,0.738169625
3356,-0.334146058,0.738269346
2349,0.332567001,0.739461156
1582,0.331661476,0.740144893
3698,-0.330939685,0.740690045
1750,0.330866702,0.740745175
681,-0.330755248,0.740829367
1019,-0.328847827,0.742270711
3400,-0.328371379,0.74263088
2295,0.327947158,0.742951617
3403,-0.327913806,0.742976835
941,0.327708194,0.743132308
565,0.32674282,0.743862411
1778,0.32582604,0.744555976
2168,0.321792074,0.747610219
3021,-0.321765325,0.747630485
71,-0.319943795,0.749010938
483,-0.317901915,0.75055934
2163,0.316247153,0.75181492
393,-0.31615891,0.751881895
641,0.315320819,0.752518079
1038,0.313866244,0.753622629
1231,-0.313316851,0.754039949
149,0.313053166,0.75424027
1931,-0.312793855,0.754437285
2846,-0.312194104,0.754893013
1158,0.312187891,0.754897734
2587,-0.312074963,0.754983554
470,-0.310787435,0.755962222
3749,-0.309142792,0.757212909
2594,0.309067507,0.757270175
336,0.308911912,0.757388535
940,0.307692871,0.758316045
2032,-0.307494259,0.758467192
2297,-0.30692304,0.758901951
3185,0.306355902,0.75933368
1567,-0.306331994,0.759351882
1093,-0.304540509,0.760716135
1635,0.304055978,0.761085245
236,0.303862864,0.761232371
218,0.303820204,0.761264873
2281,-0.303238366,0.761708213
1046,0.302938119,0.761937021
211,-0.302614169,0.762183915
1234,-0.3012937,0.763190544
690,0.301109823,0.763330751
3267,0.300912339,0.763481341
560,0.300038744,0.764147603
768,-0.299970709,0.764199498
1568,0.299579588,0.764497856
1309,-0.299187964,0.764796632
3019,0.298850422,0.765054176
1024,-0.29884989,0.765054583
1266,0.297021688,0.766449951
2992,0.29692242,0.766525739
1573,0.296749337,0.766657887
1717,0.295919587,0.767291492
1495,0.293525726,0.769120339
1749,0.293525726,0.769120339
2656,0.292368792,0.770004667
1326,-0.291856604,0.770396265
1011,0.291712053,0.770506793
3169,-0.290773655,0.771224436
6,0.290336849,0.771558551
382,-0.290143538,0.77170643
729,0.289989363,0.771824375
1091,0.289979194,0.771832155
2847,0.288870532,0.772680455
2277,0.287110586,0.774027647
1678,0.286859109,0.774220202
3181,0.286441936,0.77453966
294,-0.286315086,0.774636805
3741,0.285930411,0.774931421
2293,0.284813655,0.77578691
3347,0.284173873,0.776277137
680,-0.283386249,0.776880768
774,-0.283024468,0.777158081
2406,0.281743137,0.778140475
1555,0.281535972,0.778299342
1663,-0.279555055,0.779818893
375,-0.278709164,0.780468029
3312,-0.27811153,0.780926745
686,0.276207048,0.782389044
1075,-0.274966121,0.783342267
986,-0.274769846,0.783493066
2968,-0.27312786,0.784754931
460,0.272499226,0.785238186
2337,-0.271388619,0.786092154
2730,-0.271344127,0.78612637
3302,-0.270118483,0.787069103
157,0.26999556,0.787163669
1557,-0.269586889,0.787478088
735,0.267826058,0.788833211
1089,-0.267705436,0.788926065
893,0.267405581,0.789156903
2521,0.267197152,0.789317369
1189,-0.266888383,0.789555102
2175,0.266787055,0.789633122
2616,-0.265180267,0.790870596
1783,-0.264987739,0.791018907
1191,-0.264979872,0.791024967
1938,0.264829152,0.791141078
1066,0.261770125,0.793498673
3311,0.261255614,0.793895393
1564,0.261220425,0.793922528
3428,-0.258554636,0.795978889
1799,-0.2577444,0.796604177
901,-0.25725069,0.796985256
1221,0.256720018,0.797394917
1287,0.255062098,0.798675137
84,-0.254772387,0.798898904
3239,-0.254325156,0.799244367
634,-0.252918629,0.800331094
2412,-0.250958788,0.801845972
204,-0.250518631,0.802186299
2036,-0.249330279,0.803105311
1733,0.249213053,0.803195983
860,-0.249177171,0.803223737
1598,-0.247256448,0.804709762
546,0.247095634,0.804834213
1203,0.247095634,0.804834213
3594,-0.244956632,0.806490011
155,0.244465388,0.806870406
1596,0.244090947,0.807160384
1528,-0.24119443,0.809404428
937,-0.241074427,0.809497432
64,-0.240996643,0.809557718
292,-0.24070343,0.809784981
156,-0.240323548,0.810079441
2942,-0.239991716,0.810336679
3313,-0.239947796,0.810370727
28,-0.237461626,0.812298686
1099,0.23571027,0.8136575
1224,-0.233643226,0.815261967
2206,0.233534778,0.815346167
1404,-0.23298221,0.81577522
1824,0.231452439,0.81696333
3269,0.231336868,0.817053107
920,0.230624804,0.817606297
2641,0.229875931,0.81818818
338,0.229535253,0.818452924
1673,0.22880029,0.819024142
144,-0.22879293,0.819029862
1570,-0.227258935,0.820222403
2642,-0.226698325,0.82065833
466,0.223615116,0.823056801
2945,-0.221239966,0.824905592
2279,0.220455797,0.825516195
1171,-0.220186108,0.825726215
3663,0.219730543,0.826081016
1194,0.218765165,0.826832984
1784,-0.216810394,0.828356112
337,0.216639368,0.828489403
632,-0.216164754,0.828859326
1675,0.214777823,0.829940544
3528,-0.213822547,0.830685442
3537,0.21380113,0.830702144
3553,0.213068977,0.831273162
379,-0.212942987,0.831371433
1375,0.21289705,0.831407263
255,0.212287493,0.831882752
3032,0.212287493,0.831882752
341,0.209719313,0.833886751
503,0.209177485,0.834309688
1104,0.209177485,0.834309688
1537,0.209177485,0.834309688
973,0.207909463,0.83529966
1562,0.207660055,0.83549441
2524,0.20641279,0.836468481
2334,0.206350603,0.836517054
1094,0.206204617,0.836631082
398,0.205408136,0.837253264
1225,0.205199138,0.837416543
1594,-0.205000052,0.837572085
2341,-0.205000052,0.837572085
1748,0.204384419,0.838053105
1253,0.203957277,0.838386885
2097,0.203734144,0.838561258
2757,0.202172604,0.839781789
3677,0.201720921,0.840134906
520,-0.201249234,0.840503696
1182,-0.200947011,0.840740008
454,0.200385452,0.841179136
1322,0.200063837,0.841430656
444,0.199525068,0.841852036
1797,0.197850906,0.843161716
547,-0.197289748,0.843600802
1183,0.196928663,0.843883363
3572,-0.1964362,0.844268765
3658,-0.195497427,0.845003552
3705,-0.192556069,0.847306653
70,-0.192195174,0.847589326
2198,0.190695152,0.848764437
3546,0.19055783,0.848872031
359,0.188869786,0.850194874
998,0.188147689,0.850760878
1731,-0.187338781,0.851395018
3590,0.187028811,0.851638043
373,-0.185840821,0.852569591
1006,0.18522193,0.853054969
847,0.184633628,0.853516408
696,0.183945827,0.854055953
1723,0.183945827,0.854055953
1839,0.183945827,0.854055953
2053,0.183945827,0.854055953
2294,0.183945827,0.854055953
2422,0.183945827,0.854055953
2717,0.183945827,0.854055953
1560,0.182402919,0.855266535
1323,0.180838366,0.856494448
1178,0.180144095,0.857039446
561,0.178333724,0.858460895
553,0.177878932,0.858818057
1092,0.176863539,0.859615578
1640,-0.175986455,0.860304584
889,-0.175286674,0.860854382
295,-0.175112375,0.860991335
1040,-0.174431092,0.861526681
173,-0.173418413,0.862322553
2965,0.173343713,0.862381266
340,0.172911839,0.862720726
563,0.172911839,0.862720726
845,-0.17150587,0.863826015
2043,-0.170844805,0.864345798
1445,-0.169664729,0.865273814
1051,-0.168844561,0.865918907
383,0.16839907,0.86626934
1342,-0.168153088,0.866462846
2719,-0.167840079,0.866709091
1577,0.165193452,0.868791719
165,-0.164846378,0.869064899
1337,0.164365873,0.869443127
1003,-0.163344107,0.870247508
556,-0.163252731,0.87031945
1575,-0.162295006,0.871073547
1710,0.16194001,0.871353095
239,0.161098014,0.872016204
1098,0.159922874,0.87294183
987,0.158771806,0.873848662
339,0.158491055,0.874069869
1491,0.158491055,0.874069869
2318,-0.158408591,0.874134844
3665,0.158199395,0.87429968
1202,0.157868626,0.874560321
1524,0.156902681,0.875321547
1152,0.156770147,0.875426001
868,0.156739328,0.875450291
3104,0.156136504,0.875925425
1001,0.154773611,0.876999796
143,0.15422924,0.877428988
1669,0.153723201,0.877827991
9,-0.153510063,0.877996055
1440,-0.152698248,0.878636242
2898,0.151322572,0.879721264
1561,-0.150532666,0.880344381
2623,-0.149715194,0.88098932
3535,0.148553215,0.881906192
1531,-0.148514199,0.881936981
1159,-0.147487512,0.882747236
989,0.144855737,0.884824775
3344,-0.144563368,0.885055621
1179,-0.143163104,0.886161368
559,-0.142925796,0.886348785
1927,0.14241929,0.886748826
855,0.142017744,0.88706599
564,0.141679104,0.887333481
2859,0.140554179,0.888222149
3201,-0.139212409,0.889282303
522,-0.139155606,0.889327189
151,0.137676472,0.890496115
399,0.137676472,0.890496115
249,-0.137170033,0.890896397
3031,0.134604233,0.892924795
1738,-0.131988105,0.894993701
162,0.131730517,0.895197447
2588,-0.130335316,0.89630114
1255,0.130163923,0.896436737
2716,-0.129405966,0.897036427
442,-0.128131919,0.898044577
380,0.127726339,0.898365545
625,-0.127534366,0.898517475
2183,-0.127519182,0.898529492
2457,-0.126700788,0.899177222
1644,-0.125633925,0.900021707
1672,-0.125389185,0.900215449
1714,-0.124007431,0.901309391
2948,0.123291666,0.90187614
2983,-0.122193023,0.902746152
1671,0.122132779,0.902793862
2282,-0.122078665,0.902836719
1722,0.121845429,0.903021435
626,0.121073448,0.90363286
2047,-0.120650567,0.903967815
2705,-0.120650567,0.903967815
1705,0.119591534,0.904806726
1483,0.119000789,0.90527473
16,0.117478037,0.906481247
484,0.11720222,0.906699808
1232,-0.117186384,0.906712357
692,-0.116872733,0.906960906
2710,-0.116872733,0.906960906
2167,0.116584096,0.907189641
356,-0.116010863,0.907643932
3110,0.115247586,0.908248881
513,-0.115093073,0.908371351
2407,-0.114882568,0.908538202
448,0.113956477,0.909272295
496,0.113956477,0.909272295
3539,-0.113791674,0.909402939
2853,-0.113121315,0.909934376
2467,0.111202103,0.911456084
740,-0.110935074,0.911667832
1166,-0.109822126,0.912550443
936,-0.10935938,0.912917451
327,0.108741288,0.913407693
335,-0.108713962,0.913429367
471,-0.108626757,0.913498537
2392,-0.107245348,0.914594341
2471,-0.107245348,0.914594341
1164,0.105733918,0.915793468
628,0.105285407,0.916149343
980,-0.105080984,0.916311548
896,0.104524601,0.916753047
299,0.104477096,0.916790744
1172,0.104477096,0.916790744
1679,0.104477096,0.916790744
2979,0.104477096,0.916790744
385,0.104276885,0.916949621
1045,0.103849761,0.917288576
537,-0.103362448,0.917675315
1170,0.10288038,0.91805791
875,0.10279208,0.918127991
682,0.102737791,0.91817108
152,0.102513173,0.918349358
1745,0.102263276,0.918547704
1660,0.101772492,0.918937261
2405,0.100769987,0.919733052
11,-0.100374709,0.920046847
2459,0.099725939,0.920561907
248,-0.097805353,0.922086857
3465,0.096915036,0.922793868
2851,-0.096737156,0.922935132
1372,-0.096654637,0.923000665
2419,0.096456238,0.923158228
1107,0.096171981,0.923383984
1653,0.095666371,0.92378555
985,-0.095420648,0.923980716
60,-0.095341662,0.924043452
469,-0.094108475,0.925022988
2967,0.092570163,0.926245048
1180,0.092455568,0.926336092
1082,0.092131623,0.926593464
3542,0.092078752,0.92663547
1458,-0.091079695,0.927429266
731,0.089955955,0.928322216
629,0.088222543,0.9296998
2288,-0.087830776,0.930011176
1042,0.086991621,0.930678173
1937,-0.086603174,0.930986943
2321,-0.086271172,0.931250855
1214,0.086035472,0.93143822
1630,-0.084870292,0.93236451
485,-0.084667423,0.932525795
3578,-0.084425192,0.932718379
2700,-0.084141591,0.932943857
2172,-0.083068348,0.933797193
146,0.082805637,0.934006087
3234,-0.082610117,0.934161557
995,0.081943295,0.934691806
3538,0.081798694,0.934806795
3113,-0.080648795,0.935721259
3214,-0.080648795,0.935721259
922,0.079620866,0.936538799
1636,-0.07953717,0.936605368
1401,0.079108479,0.93694634
451,0.07898742,0.93704263
1154,-0.077214564,0.938452856
2636,0.077208182,0.938457933
170,0.077100665,0.938543464
258,0.077100665,0.938543464
527,-0.076731352,0.938837263
679,0.076612881,0.938931511
976,-0.075750972,0.939617223
1719,-0.075492341,0.939822991
1348,-0.074524056,0.940593401
1870,0.073484321,0.94142072
168,-0.073252054,0.941605545
1829,-0.072926424,0.941864666
3187,0.071340386,0.943126854
2331,0.07118662,0.94324923
2356,-0.069865165,0.94430098
3476,0.068784831,0.945160893
1493,0.06839296,0.945472826
2046,-0.068358664,0.945500126
915,-0.068256637,0.945581342
773,-0.066328458,0.947116327
3592,0.066025773,0.947357306
2411,0.065586998,0.947706641
74,0.065573661,0.94771726
1832,0.065493742,0.947780889
926,-0.06528617,0.947946154
566,-0.061920679,0.950626
2173,0.061594219,0.950885981
1334,0.060332378,0.951890915
2975,0.059348887,0.952674223
1504,0.059201476,0.952791634
770,-0.059150032,0.952832609
1447,-0.058752998,0.953148846
1285,0.058495139,0.953354234
1507,0.057694624,0.953991876
1053,0.057384912,0.954238581
650,0.056898929,0.954625708
1064,-0.056108739,0.955255182
883,-0.056102312,0.955260302
25,-0.055936875,0.955392095
1526,-0.055919135,0.955406228
3199,0.053465861,0.957360731
3193,0.053157196,0.95760666
1659,0.053118409,0.957637564
569,-0.051428945,0.958983721
1081,0.051252155,0.959124593
3235,0.050399979,0.959803653
214,-0.049615475,0.960428814
2048,0.049466092,0.960547859
2354,0.048973673,0.960940277
3362,0.048973673,0.960940277
2585,0.048631916,0.961212635
1317,0.048393601,0.961402559
3429,-0.046356931,0.963025764
2850,-0.045830079,0.963445684
1047,0.045749192,0.963510155
510,-0.045717058,0.963535768
2094,0.045079079,0.964044277
497,0.044260882,0.964696453
3659,-0.044005882,0.964899715
918,-0.043446578,0.965345549
3463,-0.04253032,0.966075942
742,-0.042228295,0.966316707
3660,0.042125091,0.966398978
2667,-0.041930459,0.966554135
2322,-0.04115101,0.967175509
381,-0.039901443,0.968171701
1013,-0.039137692,0.96878061
2982,0.038973287,0.968911687
2916,0.038725903,0.969108921
1029,0.038452637,0.969326794
1396,0.038416957,0.969355241
1776,-0.037197767,0.970327319
1658,0.035996054,0.971285505
3540,0.034980752,0.972095089
1499,0.03413705,0.972767864
488,0.033999704,0.972877387
3165,0.033888791,0.972965831
1732,0.033528715,0.973252968
2052,0.032420308,0.974136868
651,0.031581942,0.974805445
63,0.03090817,0.975342774
1576,0.030340712,0.975795328
333,-0.030070032,0.976011201
2666,0.029045154,0.976828578
2327,0.027703474,0.977898653
3286,-0.027409899,0.978132803
3519,-0.026712924,0.978688705
1711,0.02616523,0.979125548
2174,-0.025658802,0.979529484
1361,0.023306928,0.981405445
885,-0.023052676,0.981608255
2723,-0.020982724,0.983259437
1188,0.020916761,0.983312056
923,-0.020805842,0.983400538
246,-0.020196739,0.983886429
2285,0.019236815,0.984652189
1254,0.01899058,0.98484862
1631,-0.017509916,0.986029822
3238,-0.0174375,0.986087593
1281,-0.017282551,0.986211206
780,-0.016746051,0.986639209
931,-0.015023791,0.9880132
3655,-0.014388821,0.988519778
1025,-0.014288354,0.988599931
441,-0.012548905,0.989987685
213,-0.012532707,0.990000608
2111,-0.012162777,0.990295747
925,-0.011945161,0.990469367
3188,0.011732787,0.990638805
1218,-0.01155735,0.990778774
472,0.010926889,0.991281777
518,0.010690829,0.991470115
2473,0.010483838,0.991635261
2387,0.010226345,0.9918407
1633,-0.010190357,0.991869412
3033,-0.009964869,0.992049317
238,0.008894867,0.992903017
1290,-0.006249852,0.995013372
1090,-0.006222565,0.995035143
2335,-0.00602014,0.995196652
2592,0.005708743,0.995445107
2035,0.005226242,0.995830081
1274,0.005190481,0.995858614
1487,0.005190481,0.995858614
2165,0.005190481,0.995858614
2336,0.005190481,0.995858614
3105,0.005190481,0.995858614
1825,0.0050231,0.995992163
1077,-0.004058459,0.996761827
3108,0.003814855,0.996956194
2102,0.003757462,0.997001986
2299,0.003385912,0.997298439
