Regulon_ID,HRFrench,Cox-p-valueFrench
3035,-9.646297127,5.10E-22
1840,-9.517879094,1.77E-21
1612,-9.510817254,1.89E-21
1067,-9.486904028,2.38E-21
2340,-9.469677265,2.81E-21
3107,-9.469677265,2.81E-21
3666,-9.433647588,3.96E-21
846,-9.302123399,1.38E-20
1551,9.258334372,2.08E-20
3082,-9.22166643,2.93E-20
2912,-9.105735715,8.57E-20
3668,-9.054533164,1.37E-19
1519,-9.041066185,1.55E-19
430,8.953143185,3.46E-19
2449,-8.925294895,4.45E-19
2388,8.923164032,4.53E-19
1834,-8.897250654,5.72E-19
1502,-8.845437162,9.12E-19
116,8.756653661,2.01E-18
2830,8.743237571,2.27E-18
26,-8.737049854,2.39E-18
1521,-8.707669807,3.10E-18
1653,8.706373836,3.14E-18
897,8.625307151,6.39E-18
1304,8.60592435,7.57E-18
1359,8.594928693,8.33E-18
2093,8.591794903,8.56E-18
2528,8.578958516,9.57E-18
3194,8.578958516,9.57E-18
2453,-8.559789837,1.13E-17
1306,-8.557527729,1.15E-17
1069,8.55373358,1.19E-17
717,-8.539322535,1.35E-17
1775,8.513681601,1.68E-17
3520,8.504367689,1.83E-17
2387,8.490954503,2.05E-17
1449,8.486873676,2.12E-17
335,-8.379211283,5.33E-17
2701,-8.371266277,5.70E-17
385,-8.340918596,7.37E-17
1939,8.336128518,7.68E-17
489,-8.330371263,8.06E-17
654,8.305433852,9.95E-17
2855,8.300070751,1.04E-16
1640,8.255874653,1.51E-16
1717,8.249193335,1.59E-16
1707,8.235702764,1.79E-16
2042,-8.225874948,1.94E-16
1648,8.217463528,2.08E-16
1820,8.215640127,2.11E-16
3184,8.202064133,2.36E-16
1936,8.190511159,2.60E-16
2978,8.187498152,2.67E-16
1560,8.169987323,3.08E-16
438,8.149680994,3.65E-16
3541,-8.142865943,3.86E-16
1563,8.131241773,4.25E-16
2290,8.125383647,4.46E-16
305,-8.114792184,4.87E-16
3003,8.094640863,5.74E-16
236,8.089499609,5.99E-16
2084,8.082536458,6.34E-16
2954,8.079422646,6.51E-16
1452,8.078292737,6.57E-16
257,8.078292737,6.57E-16
1574,8.077439717,6.61E-16
1439,8.070744145,6.99E-16
1397,-8.068585997,7.11E-16
1219,8.064361301,7.36E-16
1941,8.056086912,7.88E-16
405,8.048506409,8.38E-16
2958,-8.033245609,9.49E-16
2941,-8.024687739,1.02E-15
677,8.015887288,1.09E-15
2596,-8.012383833,1.13E-15
844,8.007575898,1.17E-15
2464,-7.989714924,1.35E-15
2031,7.983114441,1.43E-15
1528,-7.978233934,1.48E-15
1270,-7.972402776,1.56E-15
3673,-7.971944442,1.56E-15
1540,-7.971944442,1.56E-15
699,-7.971944442,1.56E-15
2302,-7.971944442,1.56E-15
1986,-7.96188184,1.69E-15
3122,7.95265134,1.83E-15
2054,7.948327207,1.89E-15
3111,7.948327207,1.89E-15
2185,7.943083189,1.97E-15
1207,-7.925610758,2.27E-15
773,7.903216527,2.72E-15
2281,-7.900388633,2.78E-15
2106,7.888524435,3.06E-15
255,7.883610204,3.18E-15
1006,-7.882149616,3.22E-15
3642,7.878787203,3.31E-15
76,-7.874299966,3.43E-15
1734,7.868954056,3.58E-15
360,7.865071841,3.69E-15
538,7.864266487,3.71E-15
1603,-7.850803325,4.13E-15
2284,-7.841785823,4.44E-15
1600,7.840374666,4.49E-15
2656,7.839196721,4.53E-15
3378,-7.822258763,5.19E-15
479,7.822030083,5.20E-15
1368,7.804811325,5.96E-15
3509,-7.791234069,6.64E-15
1638,7.783131932,7.08E-15
1396,7.782564759,7.11E-15
481,7.782325131,7.12E-15
439,7.771191491,7.78E-15
1604,-7.770630695,7.81E-15
2448,-7.770286627,7.83E-15
2326,7.760203045,8.48E-15
2624,7.751447912,9.09E-15
2645,7.746489259,9.45E-15
840,-7.72849769,1.09E-14
2617,7.728307472,1.09E-14
1153,-7.726629435,1.10E-14
2642,-7.726129376,1.11E-14
729,7.721254979,1.15E-14
490,-7.716903907,1.19E-14
243,7.705449115,1.30E-14
2460,-7.704990753,1.31E-14
1706,7.696853712,1.39E-14
779,7.695801328,1.41E-14
3032,7.695531801,1.41E-14
1224,7.693628365,1.43E-14
37,7.689740977,1.47E-14
3417,7.68611973,1.52E-14
2696,7.681895848,1.57E-14
1523,7.662675572,1.82E-14
3577,-7.659569185,1.87E-14
3706,-7.654742673,1.94E-14
2474,7.654728183,1.94E-14
837,7.652652912,1.97E-14
2100,7.652278655,1.97E-14
1100,-7.651304818,1.99E-14
2703,-7.649791675,2.01E-14
1018,-7.649791675,2.01E-14
47,7.648373519,2.04E-14
3080,7.647907013,2.04E-14
1678,-7.641789575,2.14E-14
3660,-7.626541325,2.41E-14
1831,-7.625607983,2.43E-14
1983,7.624839931,2.44E-14
1372,7.622956682,2.48E-14
1556,7.62051322,2.53E-14
647,-7.618607454,2.56E-14
356,7.61281851,2.68E-14
1557,7.606313909,2.82E-14
877,7.600031758,2.96E-14
2839,7.596594405,3.04E-14
3568,7.595794518,3.06E-14
3569,7.594443485,3.09E-14
1671,-7.585711288,3.31E-14
2630,7.584451299,3.34E-14
3019,7.583080958,3.37E-14
635,7.582853822,3.38E-14
1517,7.56829244,3.78E-14
3667,-7.564609045,3.89E-14
134,7.562081619,3.97E-14
200,-7.562019336,3.97E-14
245,7.554898878,4.19E-14
3070,7.546177357,4.48E-14
3669,-7.546056948,4.49E-14
1576,7.541852751,4.63E-14
3404,7.540285673,4.69E-14
3463,7.537929751,4.77E-14
2041,-7.535743676,4.86E-14
1555,7.533968549,4.92E-14
3538,7.528074819,5.15E-14
467,7.527457726,5.17E-14
2822,7.523711175,5.32E-14
3333,7.521830437,5.40E-14
3575,7.520874386,5.44E-14
3630,7.517480541,5.58E-14
3567,7.514431839,5.72E-14
241,7.512251396,5.81E-14
1872,7.505178245,6.13E-14
1296,-7.50414246,6.18E-14
2620,7.503725729,6.20E-14
856,-7.497937667,6.48E-14
32,7.492393799,6.76E-14
1992,-7.488327871,6.98E-14
2548,7.48619665,7.09E-14
3021,7.484407521,7.19E-14
1163,-7.48297444,7.27E-14
799,7.472945079,7.84E-14
1094,7.466999238,8.20E-14
2651,-7.466735181,8.22E-14
691,7.465745109,8.28E-14
2421,7.465745109,8.28E-14
772,7.463507579,8.42E-14
1679,7.463379389,8.43E-14
299,7.463379389,8.43E-14
1172,7.463379389,8.43E-14
2979,7.463379389,8.43E-14
239,7.457009306,8.85E-14
1534,7.456716272,8.87E-14
1835,7.456716272,8.87E-14
1048,7.455855014,8.93E-14
2035,7.445134553,9.68E-14
465,7.439111601,1.01E-13
714,7.433714772,1.06E-13
193,-7.427789195,1.10E-13
2330,7.425320032,1.13E-13
3199,7.424957754,1.13E-13
3239,7.412046802,1.24E-13
3267,7.411547034,1.25E-13
768,7.402763396,1.33E-13
1336,7.402500309,1.34E-13
1667,-7.402182813,1.34E-13
1401,7.398659518,1.38E-13
1630,-7.398497551,1.38E-13
1218,7.397804507,1.38E-13
494,7.396475059,1.40E-13
1503,7.393752647,1.43E-13
2271,7.39091003,1.46E-13
2354,-7.388224978,1.49E-13
3362,-7.388224978,1.49E-13
1832,-7.387873058,1.49E-13
1438,7.384459008,1.53E-13
1287,-7.384349422,1.53E-13
2415,-7.372136612,1.68E-13
423,7.369438389,1.71E-13
2043,7.368476654,1.73E-13
460,7.367987114,1.73E-13
2507,7.365632691,1.76E-13
1486,7.36173583,1.82E-13
1268,7.359755284,1.84E-13
2005,7.358674121,1.86E-13
90,7.358674121,1.86E-13
304,7.358674121,1.86E-13
343,7.358674121,1.86E-13
421,7.358674121,1.86E-13
3379,-7.350959041,1.97E-13
327,7.344121186,2.07E-13
128,7.343785648,2.08E-13
1988,7.336243635,2.20E-13
1349,7.335518053,2.21E-13
1345,7.33542056,2.21E-13
1399,7.331977651,2.27E-13
2319,7.331159594,2.28E-13
1221,7.330091428,2.30E-13
3018,7.326265137,2.37E-13
1119,7.323401987,2.42E-13
3116,7.322529236,2.43E-13
659,7.321299665,2.46E-13
3613,7.320754736,2.47E-13
2094,7.316219119,2.55E-13
1940,7.31572294,2.56E-13
2975,7.314725228,2.58E-13
101,7.311057906,2.65E-13
2969,7.310057148,2.67E-13
2366,-7.309047235,2.69E-13
2199,-7.30221176,2.83E-13
171,7.300623699,2.86E-13
990,7.292032076,3.05E-13
2730,7.289958312,3.10E-13
2327,7.289032798,3.12E-13
1520,7.288327809,3.14E-13
537,7.285809242,3.20E-13
203,7.282492206,3.28E-13
3603,-7.281655694,3.30E-13
2628,7.277888962,3.39E-13
1189,7.275302204,3.46E-13
687,-7.274597279,3.47E-13
3537,-7.270074726,3.59E-13
2587,7.26965648,3.60E-13
380,7.269179936,3.62E-13
2036,7.260236404,3.86E-13
462,7.257378979,3.95E-13
704,7.257174002,3.95E-13
2274,-7.251781705,4.11E-13
553,7.245574169,4.31E-13
2963,7.242978311,4.39E-13
1977,7.242576916,4.40E-13
3305,-7.242365211,4.41E-13
2466,7.242322969,4.41E-13
1169,7.238254863,4.54E-13
2485,7.234571703,4.67E-13
3451,7.234571703,4.67E-13
1526,7.233682819,4.70E-13
2109,-7.22809416,4.90E-13
3071,7.226212563,4.97E-13
409,7.222657064,5.10E-13
3388,7.219746627,5.21E-13
1326,7.21906406,5.23E-13
303,7.218147904,5.27E-13
520,7.203225524,5.88E-13
3053,7.202265691,5.92E-13
3027,7.202264748,5.92E-13
1780,7.202180161,5.93E-13
1623,7.192826987,6.35E-13
646,7.191371491,6.41E-13
1444,7.186827411,6.63E-13
2585,7.18547274,6.70E-13
1641,7.182072331,6.87E-13
2266,7.180356239,6.95E-13
2481,7.168284596,7.59E-13
117,7.165810039,7.73E-13
2158,-7.163752681,7.85E-13
42,7.160770131,8.02E-13
3153,7.160627826,8.03E-13
387,-7.159755942,8.08E-13
157,7.159619016,8.09E-13
283,7.154890312,8.37E-13
3006,7.149480717,8.71E-13
3159,-7.146500773,8.90E-13
482,7.146468911,8.90E-13
3559,-7.142582844,9.16E-13
44,7.141520517,9.23E-13
1214,7.138495696,9.44E-13
2522,7.138013744,9.47E-13
1121,7.137236418,9.52E-13
2616,7.135647058,9.63E-13
1829,7.132492119,9.86E-13
1628,7.127191037,1.02E-12
39,7.126113406,1.03E-12
1429,7.124496693,1.04E-12
2440,7.12220383,1.06E-12
712,7.11931993,1.08E-12
432,-7.118434287,1.09E-12
2141,7.11824268,1.09E-12
406,7.117082243,1.10E-12
56,7.11661826,1.11E-12
78,7.11661826,1.11E-12
1944,7.115571188,1.11E-12
2890,-7.114195389,1.13E-12
3033,7.109461625,1.16E-12
499,7.108296612,1.17E-12
2050,7.108296612,1.17E-12
2709,7.108296612,1.17E-12
805,7.103994471,1.21E-12
6,7.10134483,1.24E-12
1079,-7.099542379,1.25E-12
1173,-7.099542379,1.25E-12
1460,7.088172678,1.36E-12
838,7.08810388,1.36E-12
770,7.087395444,1.37E-12
1391,-7.085588507,1.38E-12
1729,7.084897487,1.39E-12
2631,7.08438511,1.40E-12
441,7.084335814,1.40E-12
2850,7.082520681,1.42E-12
1997,7.081032233,1.43E-12
2101,7.076402143,1.48E-12
1585,7.071480135,1.53E-12
442,7.067752772,1.57E-12
1546,-7.067744758,1.57E-12
1451,-7.066540622,1.59E-12
127,7.063534381,1.62E-12
422,7.063534381,1.62E-12
2052,7.063534381,1.62E-12
985,-7.06122728,1.65E-12
1036,7.060890001,1.65E-12
3193,7.060816998,1.66E-12
192,-7.059446541,1.67E-12
284,7.058087102,1.69E-12
2032,7.058076923,1.69E-12
1998,7.057852681,1.69E-12
2282,7.04512224,1.85E-12
1732,7.044205042,1.87E-12
519,7.038986544,1.94E-12
2454,7.037154242,1.96E-12
1339,7.033904422,2.01E-12
3648,7.032192556,2.03E-12
100,7.028180425,2.09E-12
626,7.024657465,2.15E-12
449,7.019799374,2.22E-12
1575,7.01878088,2.24E-12
1014,7.017782331,2.25E-12
3476,7.016528235,2.27E-12
1199,-7.015372667,2.29E-12
446,7.014891438,2.30E-12
3435,7.014090329,2.31E-12
2477,7.01138481,2.36E-12
99,7.009145568,2.40E-12
136,7.00786687,2.42E-12
1985,7.007699198,2.42E-12
3201,6.996070115,2.63E-12
1114,6.995920567,2.64E-12
1483,6.995788156,2.64E-12
3590,6.994928094,2.65E-12
705,6.99492267,2.65E-12
155,6.994865412,2.66E-12
1066,-6.992513323,2.70E-12
2280,6.991664339,2.72E-12
3705,6.990981197,2.73E-12
2659,-6.988052633,2.79E-12
1097,6.987967333,2.79E-12
466,6.9859567,2.83E-12
3200,6.985488514,2.84E-12
1170,-6.981261483,2.93E-12
2407,6.979587309,2.96E-12
1743,-6.977203606,3.01E-12
478,6.976603262,3.02E-12
1310,6.975848577,3.04E-12
2428,6.975500344,3.05E-12
2391,6.974922032,3.06E-12
195,-6.968167326,3.21E-12
246,6.96815614,3.21E-12
2847,6.965663522,3.27E-12
522,6.965166575,3.28E-12
2048,-6.964129783,3.30E-12
2827,6.963561108,3.32E-12
70,6.961576221,3.36E-12
1015,6.954214061,3.55E-12
1710,6.950500659,3.64E-12
213,6.948217146,3.70E-12
1087,-6.948159993,3.70E-12
680,6.945264086,3.78E-12
483,6.939557201,3.93E-12
3733,-6.938634893,3.96E-12
1083,-6.934539558,4.08E-12
794,6.930690086,4.19E-12
2698,6.927858086,4.27E-12
38,6.927656782,4.28E-12
1247,6.925459952,4.35E-12
3286,6.924638597,4.37E-12
1774,6.924533491,4.37E-12
1554,6.924487805,4.38E-12
3098,6.919804299,4.52E-12
723,6.913588934,4.73E-12
2483,6.913092263,4.74E-12
3273,6.908346581,4.90E-12
396,6.906410566,4.97E-12
1112,-6.903977868,5.06E-12
79,6.903668617,5.07E-12
2090,6.902313074,5.12E-12
843,-6.900093407,5.20E-12
1525,6.899158923,5.23E-12
3272,6.896947824,5.31E-12
1937,6.896286826,5.34E-12
3593,6.894376393,5.41E-12
2989,6.892386543,5.49E-12
238,6.88906186,5.62E-12
2972,-6.885990875,5.74E-12
3115,6.885890591,5.74E-12
3008,6.885315232,5.77E-12
2389,6.883918259,5.82E-12
3683,-6.883007528,5.86E-12
789,6.881873318,5.91E-12
1327,6.879257166,6.02E-12
2033,6.873900119,6.25E-12
292,6.866921417,6.56E-12
1550,6.866575577,6.58E-12
2484,6.864964481,6.65E-12
3176,6.862114975,6.78E-12
551,6.858964659,6.94E-12
104,6.857034134,7.03E-12
1200,6.856130517,7.08E-12
2264,6.856015835,7.08E-12
861,6.850913978,7.34E-12
2410,6.850684462,7.35E-12
121,6.848137169,7.48E-12
2955,6.847879792,7.50E-12
414,-6.844758739,7.66E-12
3236,6.837452497,8.06E-12
1515,6.834394983,8.24E-12
3542,-6.831870982,8.38E-12
1513,6.829879486,8.50E-12
987,-6.828090537,8.61E-12
319,6.816701631,9.32E-12
798,6.815474753,9.40E-12
2821,6.811958586,9.63E-12
642,6.811214587,9.68E-12
404,6.809020411,9.83E-12
1545,-6.808281533,9.88E-12
3508,6.805495315,1.01E-11
997,6.804102292,1.02E-11
2824,6.800633476,1.04E-11
1096,-6.798721602,1.06E-11
1098,6.795920067,1.08E-11
678,6.789197393,1.13E-11
2998,-6.789149029,1.13E-11
3592,6.788597973,1.13E-11
3192,-6.785846787,1.15E-11
374,6.783974469,1.17E-11
329,-6.783668122,1.17E-11
771,6.779347223,1.21E-11
2085,6.779071647,1.21E-11
3624,-6.77734834,1.22E-11
3165,6.777091095,1.23E-11
2520,6.775390132,1.24E-11
2729,6.774150754,1.25E-11
453,6.768822643,1.30E-11
58,6.766461766,1.32E-11
2113,6.76201893,1.36E-11
1644,6.760510834,1.38E-11
251,6.757350402,1.41E-11
2968,-6.754060906,1.44E-11
2295,-6.752785606,1.45E-11
737,6.740728639,1.58E-11
3465,-6.729085148,1.71E-11
1954,6.726407297,1.74E-11
1821,-6.721129555,1.80E-11
3401,6.719987191,1.82E-11
2647,6.717972273,1.84E-11
2633,6.717747936,1.85E-11
3233,6.711216501,1.93E-11
2984,6.699728774,2.09E-11
169,6.699728774,2.09E-11
1061,-6.698097888,2.11E-11
858,-6.696929403,2.13E-11
2695,-6.695052755,2.16E-11
381,6.693186415,2.18E-11
1330,6.689566247,2.24E-11
2637,-6.688807567,2.25E-11
2886,6.679119639,2.40E-11
863,6.676539648,2.45E-11
543,6.675019148,2.47E-11
1216,6.659512117,2.75E-11
337,-6.659203088,2.75E-11
1984,6.658225235,2.77E-11
1708,6.658150778,2.77E-11
1943,6.656387142,2.81E-11
3175,6.649214088,2.95E-11
1298,6.649214088,2.95E-11
125,6.649214088,2.95E-11
782,6.649214088,2.95E-11
809,6.649214088,2.95E-11
810,6.648779911,2.96E-11
2479,6.645128141,3.03E-11
471,6.640288855,3.13E-11
3168,6.639330454,3.15E-11
2429,6.637551454,3.19E-11
2444,6.636130678,3.22E-11
1239,6.635781312,3.23E-11
2519,6.63314254,3.29E-11
320,6.630031,3.36E-11
2323,6.62887327,3.38E-11
108,6.626717388,3.43E-11
247,6.625173941,3.47E-11
1568,-6.623076289,3.52E-11
3658,-6.62156234,3.55E-11
3452,-6.616508728,3.68E-11
3077,6.615184774,3.71E-11
1787,6.615068006,3.71E-11
1034,-6.614145965,3.74E-11
1078,-6.613967747,3.74E-11
2653,-6.603226933,4.02E-11
741,6.602353714,4.05E-11
2707,-6.600290562,4.10E-11
2473,-6.599970724,4.11E-11
2293,6.599052108,4.14E-11
135,6.596436533,4.21E-11
2202,6.592176352,4.33E-11
661,6.590756736,4.38E-11
841,6.590709568,4.38E-11
1180,-6.589471424,4.41E-11
1675,-6.583192222,4.60E-11
1658,6.582929567,4.61E-11
2368,6.581879226,4.65E-11
1749,6.580630922,4.68E-11
3759,6.580630922,4.68E-11
792,6.579432292,4.72E-11
1029,-6.573719494,4.91E-11
3108,-6.572535607,4.95E-11
2318,6.57086983,5.00E-11
3671,-6.570193593,5.02E-11
1495,6.569739243,5.04E-11
1152,-6.564983942,5.20E-11
3110,6.564191611,5.23E-11
1092,-6.553120079,5.63E-11
937,-6.543584977,6.01E-11
1011,-6.542661177,6.04E-11
3429,6.54118476,6.10E-11
978,-6.533682558,6.42E-11
2848,6.533179071,6.44E-11
888,6.531719708,6.50E-11
3118,6.529993902,6.58E-11
1091,-6.527478132,6.69E-11
943,-6.527240676,6.70E-11
710,6.526627553,6.73E-11
164,6.526091965,6.75E-11
75,6.5256295,6.77E-11
2961,-6.525083497,6.80E-11
1365,6.524063003,6.84E-11
398,6.520395749,7.01E-11
3324,6.515799502,7.23E-11
1045,-6.513815734,7.33E-11
3205,6.512502013,7.39E-11
706,6.511876348,7.42E-11
3389,6.507850719,7.62E-11
1010,-6.506210477,7.71E-11
3162,6.506106295,7.71E-11
3181,6.493947165,8.36E-11
1324,6.491701509,8.49E-11
1427,6.490084449,8.58E-11
416,6.489656303,8.60E-11
3187,6.488190797,8.69E-11
1456,6.48462971,8.89E-11
3232,6.482630179,9.01E-11
1038,-6.474703256,9.50E-11
3024,6.473889525,9.55E-11
3329,6.471693323,9.69E-11
2411,6.469768908,9.82E-11
470,6.469014584,9.86E-11
1595,6.466124997,1.01E-10
1340,-6.46528801,1.01E-10
539,6.464859872,1.01E-10
2985,6.464694184,1.02E-10
1792,6.459721205,1.05E-10
2993,6.459098937,1.05E-10
3081,6.45881347,1.06E-10
803,6.458536204,1.06E-10
211,-6.4577371,1.06E-10
1613,-6.4577371,1.06E-10
3285,-6.4577371,1.06E-10
1225,6.456222329,1.07E-10
46,6.454247839,1.09E-10
2384,6.454207531,1.09E-10
1230,6.453244609,1.09E-10
491,6.44595636,1.15E-10
126,6.445949163,1.15E-10
1948,-6.445815619,1.15E-10
340,-6.437049715,1.22E-10
563,-6.437049715,1.22E-10
828,6.432554704,1.25E-10
966,-6.431456939,1.26E-10
1432,-6.424929212,1.32E-10
1074,6.424890589,1.32E-10
3164,6.42191376,1.35E-10
1307,6.420529184,1.36E-10
876,6.419198432,1.37E-10
209,6.416831556,1.39E-10
302,6.416831556,1.39E-10
1212,-6.416058244,1.40E-10
153,6.414667584,1.41E-10
461,6.408874209,1.47E-10
2962,6.406596749,1.49E-10
2095,6.402006676,1.53E-10
2465,6.399076798,1.56E-10
49,6.395335769,1.60E-10
3056,-6.394575791,1.61E-10
2355,-6.391648811,1.64E-10
885,6.384487598,1.72E-10
1021,-6.383948601,1.73E-10
3704,6.383445263,1.73E-10
3710,6.382576552,1.74E-10
2331,6.382163851,1.75E-10
472,6.3790377,1.78E-10
2183,6.378957523,1.78E-10
163,6.378465406,1.79E-10
2300,6.377452418,1.80E-10
3114,6.377452418,1.80E-10
40,6.377248008,1.80E-10
795,6.364168148,1.96E-10
162,6.363320378,1.97E-10
1232,6.360433596,2.01E-10
3299,6.36010093,2.02E-10
625,6.359703453,2.02E-10
1266,6.353192129,2.11E-10
1332,6.351799627,2.13E-10
513,6.349825575,2.16E-10
424,6.349631492,2.16E-10
410,6.349022616,2.17E-10
1795,6.348035404,2.18E-10
118,6.345667815,2.21E-10
1188,6.345042431,2.22E-10
444,6.342921798,2.25E-10
503,-6.342514508,2.26E-10
1104,-6.342514508,2.26E-10
1537,-6.342514508,2.26E-10
43,6.339278755,2.31E-10
3421,6.334453465,2.38E-10
2658,6.334130095,2.39E-10
2956,6.326636111,2.51E-10
1559,-6.326610641,2.51E-10
282,6.325777801,2.52E-10
1190,6.317719755,2.65E-10
1348,-6.316262292,2.68E-10
719,6.310622325,2.78E-10
1353,6.309135081,2.81E-10
15,6.305064988,2.88E-10
2604,6.304482855,2.89E-10
2856,6.298987583,3.00E-10
1364,6.295850646,3.06E-10
790,6.294420962,3.09E-10
66,6.293035932,3.11E-10
3347,6.284585031,3.29E-10
113,6.277842608,3.43E-10
2841,6.277842608,3.43E-10
397,6.275931415,3.48E-10
3434,6.268307141,3.65E-10
627,6.263993271,3.75E-10
3400,6.257921792,3.90E-10
3707,-6.25536152,3.97E-10
928,-6.253476214,4.01E-10
703,6.251290355,4.07E-10
390,6.248746366,4.14E-10
2837,6.246448687,4.20E-10
53,6.246448687,4.20E-10
1952,6.246448687,4.20E-10
2825,6.245681411,4.22E-10
1625,6.244168507,4.26E-10
2851,6.244038496,4.26E-10
2359,6.241296129,4.34E-10
2301,-6.239726514,4.38E-10
3235,6.238119169,4.43E-10
1789,6.235988468,4.49E-10
3493,-6.234426054,4.53E-10
1022,6.230951139,4.64E-10
1709,6.227891994,4.73E-10
2198,6.22262872,4.89E-10
165,6.209664364,5.31E-10
3732,-6.198936098,5.68E-10
1956,6.198820993,5.69E-10
293,6.197190254,5.75E-10
2275,6.193705676,5.88E-10
2159,6.19058945,5.99E-10
1995,6.189317854,6.04E-10
1506,6.184824279,6.22E-10
831,6.184636831,6.22E-10
1319,-6.182913435,6.29E-10
401,6.181442704,6.35E-10
2823,6.177462946,6.51E-10
1308,6.176698638,6.55E-10
3645,6.175276882,6.60E-10
2004,6.168765778,6.88E-10
774,6.168546703,6.89E-10
2329,6.167143935,6.95E-10
318,6.157477458,7.39E-10
3117,6.156164466,7.45E-10
468,6.15227894,7.64E-10
2635,6.150715446,7.71E-10
2662,-6.148496138,7.82E-10
950,-6.144389856,8.03E-10
2970,6.141162587,8.19E-10
521,6.139426251,8.28E-10
1647,6.139055434,8.30E-10
2986,6.133596478,8.59E-10
3242,6.131178585,8.72E-10
2088,6.126576454,8.98E-10
110,6.12484748,9.08E-10
1482,6.123623696,9.15E-10
1979,6.118993321,9.42E-10
3332,6.118285348,9.46E-10
288,6.117769586,9.49E-10
1001,-6.116695295,9.55E-10
1611,-6.108226195,1.01E-09
1113,-6.105752798,1.02E-09
976,6.104830455,1.03E-09
1947,6.104539402,1.03E-09
1570,-6.102879439,1.04E-09
2550,6.100754189,1.06E-09
2367,-6.098346747,1.07E-09
2757,6.097326171,1.08E-09
3074,-6.097127783,1.08E-09
3699,6.094201165,1.10E-09
2840,6.091965063,1.12E-09
445,6.091185512,1.12E-09
3641,6.090474863,1.13E-09
2614,6.089960912,1.13E-09
2480,-6.088135831,1.14E-09
546,6.087953721,1.14E-09
3430,-6.081466579,1.19E-09
2593,-6.078238561,1.22E-09
1723,6.078112396,1.22E-09
1839,6.078112396,1.22E-09
696,6.078112396,1.22E-09
2053,6.078112396,1.22E-09
2294,6.078112396,1.22E-09
2422,6.078112396,1.22E-09
2717,6.078112396,1.22E-09
1825,6.076614246,1.23E-09
3462,6.073223244,1.25E-09
64,6.071041186,1.27E-09
2950,6.067911263,1.30E-09
2299,-6.067675043,1.30E-09
1103,6.066362934,1.31E-09
1553,6.065173231,1.32E-09
2168,-6.063629107,1.33E-09
1325,6.063088516,1.34E-09
1289,6.063075899,1.34E-09
1674,6.060728679,1.36E-09
2108,6.060055908,1.36E-09
161,6.056447541,1.39E-09
1203,6.052611739,1.43E-09
3635,6.049599275,1.45E-09
898,-6.049084685,1.46E-09
492,6.03821403,1.56E-09
1838,6.037464759,1.57E-09
2853,6.034297985,1.60E-09
2728,-6.023805545,1.70E-09
81,6.019737954,1.75E-09
3125,6.01922425,1.75E-09
807,6.016068374,1.79E-09
3405,6.010839351,1.85E-09
2339,6.005899868,1.90E-09
3061,-6.005899365,1.90E-09
1931,-6.004569182,1.92E-09
112,6.004458686,1.92E-09
3279,6.00034482,1.97E-09
1205,-5.998114546,2.00E-09
1824,-5.997664378,2.00E-09
2552,-5.995094244,2.03E-09
2091,5.994043987,2.05E-09
2324,5.99154251,2.08E-09
394,5.988693615,2.12E-09
1730,5.988640918,2.12E-09
14,5.987670638,2.13E-09
995,5.985277153,2.16E-09
2663,5.982110651,2.20E-09
967,-5.979557114,2.24E-09
338,-5.979299996,2.24E-09
2608,5.979244291,2.24E-09
3113,-5.97706585,2.27E-09
3214,-5.97706585,2.27E-09
1108,-5.971275997,2.35E-09
1459,5.968629663,2.39E-09
3330,5.960919407,2.51E-09
2161,5.953787387,2.62E-09
29,5.951317267,2.66E-09
1303,5.950584737,2.67E-09
3179,5.947224638,2.73E-09
2720,5.94265996,2.80E-09
1744,5.933094169,2.97E-09
2103,5.930400765,3.02E-09
3327,5.928372546,3.06E-09
1171,5.922533244,3.17E-09
464,-5.922492977,3.17E-09
777,5.921605625,3.19E-09
3599,5.916228994,3.29E-09
2627,5.916119146,3.30E-09
242,5.915260587,3.31E-09
3078,5.914415109,3.33E-09
3208,-5.911366069,3.39E-09
475,-5.903187645,3.57E-09
1781,-5.903187645,3.57E-09
1728,-5.899099596,3.65E-09
1739,5.897808349,3.68E-09
743,5.897405246,3.69E-09
1842,-5.894757396,3.75E-09
3383,-5.893454354,3.78E-09
3677,5.880526184,4.09E-09
2992,5.877340401,4.17E-09
2910,5.865991139,4.46E-09
3536,-5.864026393,4.52E-09
408,5.857177809,4.71E-09
1989,5.851063869,4.88E-09
3597,5.845335345,5.06E-09
688,-5.84393956,5.10E-09
375,5.843814513,5.10E-09
2854,5.84322881,5.12E-09
1357,5.84060243,5.20E-09
3664,5.840024281,5.22E-09
1951,-5.836275401,5.34E-09
653,5.827977092,5.61E-09
1437,5.819668185,5.90E-09
391,5.818130469,5.95E-09
1793,5.815275767,6.05E-09
1367,5.814919366,6.07E-09
295,5.814134886,6.09E-09
3466,5.812948538,6.14E-09
775,5.812019892,6.17E-09
448,5.804700336,6.45E-09
496,5.804700336,6.45E-09
2102,5.796151537,6.79E-09
1064,-5.79607474,6.79E-09
2170,5.790124788,7.03E-09
565,-5.787619712,7.14E-09
1784,5.787348644,7.15E-09
1662,-5.78118432,7.42E-09
2204,5.774946427,7.70E-09
2419,-5.773066534,7.78E-09
473,5.773033923,7.79E-09
1565,-5.772674923,7.80E-09
3277,5.768358231,8.00E-09
1226,5.76506345,8.16E-09
1650,5.755914998,8.62E-09
857,5.753875947,8.72E-09
694,5.746302925,9.12E-09
1222,5.745710639,9.15E-09
3238,5.741119863,9.41E-09
1124,-5.739061477,9.52E-09
835,-5.735215159,9.74E-09
1596,5.734453246,9.78E-09
2908,5.732024078,9.92E-09
1177,-5.731309393,9.97E-09
3063,-5.725805982,1.03E-08
3331,5.715315307,1.10E-08
3670,-5.714386748,1.10E-08
1202,-5.711730521,1.12E-08
370,5.707014893,1.15E-08
285,5.70613538,1.16E-08
1636,5.705590608,1.16E-08
800,5.704766616,1.17E-08
250,5.704699733,1.17E-08
848,5.703623993,1.17E-08
3100,-5.702309737,1.18E-08
158,5.702100325,1.18E-08
2321,5.698859717,1.21E-08
1272,5.697948484,1.21E-08
330,5.695144657,1.23E-08
1328,5.693360928,1.25E-08
3654,5.690296067,1.27E-08
2723,-5.689654879,1.27E-08
3545,5.689123022,1.28E-08
2625,5.688282209,1.28E-08
3186,-5.687210622,1.29E-08
1714,5.682942953,1.32E-08
1980,5.674405193,1.39E-08
3755,5.673404733,1.40E-08
3601,-5.667991506,1.44E-08
1157,5.66434923,1.48E-08
1614,-5.66112852,1.50E-08
1889,-5.660286248,1.51E-08
1645,5.659419994,1.52E-08
1680,-5.659031118,1.52E-08
880,5.658983114,1.52E-08
1331,5.65738104,1.54E-08
3120,5.650066786,1.60E-08
1796,5.648667052,1.62E-08
1007,-5.646439647,1.64E-08
172,5.64506719,1.65E-08
1302,5.644940246,1.65E-08
1012,5.64460439,1.66E-08
3548,5.637843793,1.72E-08
629,5.634995573,1.75E-08
2362,-5.633889611,1.76E-08
548,5.63345097,1.77E-08
827,5.631395776,1.79E-08
2206,5.625003383,1.86E-08
3522,5.621849754,1.89E-08
215,5.620561387,1.90E-08
3532,-5.61998271,1.91E-08
508,-5.615948227,1.95E-08
2482,5.615883892,1.96E-08
152,5.612620828,1.99E-08
2332,5.610159065,2.02E-08
61,5.604178445,2.09E-08
1782,5.597622524,2.17E-08
3028,5.595842042,2.20E-08
1727,5.59488341,2.21E-08
630,5.594258881,2.22E-08
2858,5.58709846,2.31E-08
393,5.585292444,2.33E-08
2594,-5.57768923,2.44E-08
2279,5.574987485,2.48E-08
249,-5.572920957,2.51E-08
3067,-5.572445689,2.51E-08
506,5.568738825,2.57E-08
1373,5.560692399,2.69E-08
9,5.559103045,2.71E-08
657,5.558765949,2.72E-08
2660,5.556026466,2.76E-08
2907,5.552385402,2.82E-08
2038,5.546735283,2.91E-08
3640,5.543915187,2.96E-08
1165,-5.53241501,3.16E-08
3622,5.531909045,3.17E-08
555,5.530040876,3.20E-08
357,5.527445239,3.25E-08
1404,5.51826774,3.42E-08
3079,-5.515029024,3.49E-08
1355,5.513847809,3.51E-08
1583,5.513847809,3.51E-08
2424,5.513847809,3.51E-08
456,5.513847809,3.51E-08
450,5.51339491,3.52E-08
560,-5.511750296,3.55E-08
102,5.511148561,3.56E-08
1798,-5.50227167,3.75E-08
334,-5.499562843,3.81E-08
556,5.497902688,3.84E-08
1317,5.497209571,3.86E-08
3023,-5.495098185,3.90E-08
1891,-5.494857689,3.91E-08
2597,5.490999874,4.00E-08
685,-5.490967028,4.00E-08
725,5.490160781,4.02E-08
1656,5.487229113,4.08E-08
2420,5.484018205,4.16E-08
3328,5.48399011,4.16E-08
160,5.481492557,4.22E-08
3169,5.476222951,4.35E-08
3062,5.475476833,4.36E-08
13,5.466391104,4.59E-08
2661,5.463092053,4.68E-08
1788,-5.461995264,4.71E-08
392,5.459018803,4.79E-08
536,5.45695321,4.84E-08
109,5.454167154,4.92E-08
2325,5.451655298,4.99E-08
28,5.45158444,4.99E-08
541,5.446986249,5.12E-08
3284,5.441596837,5.28E-08
1485,5.433652361,5.52E-08
65,5.432215662,5.57E-08
1527,-5.43198871,5.57E-08
3749,-5.428446988,5.68E-08
2337,5.42797346,5.70E-08
802,-5.426642967,5.74E-08
2996,-5.426136941,5.76E-08
2946,5.422493942,5.88E-08
3512,5.42167127,5.90E-08
1591,5.417508464,6.04E-08
3700,5.417508464,6.04E-08
1003,-5.406915066,6.41E-08
1646,5.406769055,6.42E-08
4,5.405120512,6.48E-08
662,5.400256521,6.65E-08
2404,5.396842952,6.78E-08
1063,5.39292526,6.93E-08
3390,5.391278567,7.00E-08
321,5.388626837,7.10E-08
3189,5.388351092,7.11E-08
1530,5.380836917,7.41E-08
655,5.378344622,7.52E-08
623,5.371613254,7.80E-08
3123,5.37135704,7.81E-08
259,-5.363662483,8.16E-08
1870,-5.360348092,8.31E-08
1095,5.354262465,8.59E-08
1318,5.352948811,8.65E-08
235,5.35213642,8.69E-08
1275,5.349672918,8.81E-08
3182,-5.3471779,8.93E-08
3386,5.34606916,8.99E-08
1664,-5.343456908,9.12E-08
1016,-5.342157514,9.18E-08
3303,5.337546577,9.42E-08
378,5.33283652,9.67E-08
413,5.32937031,9.86E-08
2283,-5.32805063,9.93E-08
1299,5.322082176,1.03E-07
3276,-5.317098724,1.05E-07
732,5.312255892,1.08E-07
212,5.303279889,1.14E-07
3581,-5.300839932,1.15E-07
1375,5.292938591,1.20E-07
3381,-5.292543682,1.21E-07
1166,-5.292284209,1.21E-07
2524,-5.289222197,1.23E-07
1605,-5.286547402,1.25E-07
3163,5.285193826,1.26E-07
527,5.281102755,1.28E-07
154,5.281041041,1.28E-07
411,5.27959653,1.29E-07
168,5.277074837,1.31E-07
3178,5.276628663,1.32E-07
3689,5.275498288,1.32E-07
10,5.269932524,1.36E-07
133,5.269200119,1.37E-07
402,5.268390799,1.38E-07
1532,5.266871226,1.39E-07
2418,-5.266324005,1.39E-07
355,5.265726908,1.40E-07
1282,5.265029227,1.40E-07
2276,5.264945641,1.40E-07
173,5.262400751,1.42E-07
728,5.261581651,1.43E-07
730,5.259344051,1.45E-07
98,5.257447993,1.46E-07
50,5.25462285,1.48E-07
3587,5.252004775,1.50E-07
542,5.250416902,1.52E-07
1090,-5.246290538,1.55E-07
418,5.244840952,1.56E-07
3072,5.237426432,1.63E-07
1099,-5.236811029,1.63E-07
1228,5.232656572,1.67E-07
652,5.231522822,1.68E-07
220,5.229491621,1.70E-07
2160,5.229224463,1.70E-07
1400,5.221350261,1.78E-07
1494,5.221350261,1.78E-07
3556,5.221350261,1.78E-07
3681,5.221350261,1.78E-07
3271,5.219077123,1.80E-07
3449,-5.217995872,1.81E-07
1669,-5.216742114,1.82E-07
1123,5.216564638,1.82E-07
3355,-5.216385503,1.82E-07
208,5.215808573,1.83E-07
3698,5.215698894,1.83E-07
25,-5.209630019,1.89E-07
3065,-5.203704768,1.95E-07
3150,5.200443233,1.99E-07
231,5.199773727,2.00E-07
73,5.19370087,2.06E-07
2166,5.192185818,2.08E-07
1187,-5.186503872,2.14E-07
940,-5.184665693,2.16E-07
1394,-5.184609629,2.16E-07
202,5.18420473,2.17E-07
2426,5.18334866,2.18E-07
190,5.183270719,2.18E-07
3073,-5.183157244,2.18E-07
1023,5.177594161,2.25E-07
196,-5.177265513,2.25E-07
3647,5.1751696,2.28E-07
3727,-5.175056799,2.28E-07
59,5.17366438,2.30E-07
3106,5.170065364,2.34E-07
281,5.168932376,2.35E-07
1053,5.168630938,2.36E-07
2994,5.167351952,2.37E-07
2861,5.167203515,2.38E-07
3166,-5.16676472,2.38E-07
1362,5.164497754,2.41E-07
676,5.161376422,2.45E-07
2505,5.160034353,2.47E-07
3455,5.158213392,2.49E-07
1571,5.153800013,2.55E-07
1346,5.149112979,2.62E-07
665,5.146928994,2.65E-07
317,5.138634251,2.77E-07
3377,5.133684345,2.84E-07
1253,-5.128409175,2.92E-07
149,5.127909645,2.93E-07
3312,5.127790682,2.93E-07
886,-5.119078653,3.07E-07
3211,-5.117840429,3.09E-07
640,5.108120048,3.25E-07
333,-5.10689022,3.28E-07
767,5.103865803,3.33E-07
34,5.10175539,3.37E-07
2523,-5.10125076,3.37E-07
558,-5.096321044,3.46E-07
1558,-5.095361773,3.48E-07
2357,5.092326879,3.54E-07
3633,5.09151676,3.55E-07
3422,5.09119554,3.56E-07
3057,5.090575542,3.57E-07
1245,5.09054502,3.57E-07
700,5.083358993,3.71E-07
544,5.082569294,3.72E-07
2887,-5.082189354,3.73E-07
836,5.081606757,3.74E-07
549,5.070606846,3.97E-07
787,5.067848926,4.02E-07
498,5.066813309,4.05E-07
2530,5.060508511,4.18E-07
457,5.059701894,4.20E-07
1942,-5.059168573,4.21E-07
2629,5.059125928,4.21E-07
2960,5.057283717,4.25E-07
1522,5.053157359,4.35E-07
427,5.049318251,4.43E-07
1514,5.047129781,4.48E-07
1830,5.045554492,4.52E-07
3112,5.044545514,4.55E-07
2957,5.04171188,4.61E-07
1161,5.038540357,4.69E-07
1313,5.038142428,4.70E-07
234,-5.037637459,4.71E-07
1433,5.037602643,4.71E-07
296,5.036451822,4.74E-07
1208,5.03616211,4.75E-07
2899,-5.03581909,4.76E-07
325,5.033534903,4.82E-07
3625,5.032425086,4.84E-07
469,5.031620057,4.86E-07
2446,5.030498904,4.89E-07
24,5.030473125,4.89E-07
2664,5.030222334,4.90E-07
2655,-5.030104941,4.90E-07
3579,-5.030064545,4.90E-07
139,5.02949443,4.92E-07
3126,5.029412256,4.92E-07
1996,5.025986341,5.01E-07
291,5.024952996,5.04E-07
436,5.024109104,5.06E-07
2977,-5.021872996,5.12E-07
2112,5.019427787,5.18E-07
776,5.017907167,5.22E-07
1946,5.017408849,5.24E-07
1577,-5.013738782,5.34E-07
3104,-5.011588517,5.40E-07
1721,5.004119873,5.61E-07
1105,5.004119873,5.61E-07
738,-5.003811989,5.62E-07
3241,5.003177328,5.64E-07
1737,-5.002209262,5.67E-07
2092,4.994916465,5.89E-07
2089,4.994747381,5.89E-07
2416,4.990572155,6.02E-07
734,4.987333899,6.12E-07
1351,4.981571068,6.31E-07
1192,-4.977905301,6.43E-07
210,4.977634254,6.44E-07
2844,4.977634254,6.44E-07
3729,4.976557588,6.47E-07
31,4.967309096,6.79E-07
395,4.966992975,6.80E-07
796,4.964176573,6.90E-07
1552,4.963309415,6.93E-07
1457,4.960857643,7.02E-07
3649,-4.956383569,7.18E-07
512,4.955267152,7.22E-07
914,4.954216397,7.26E-07
2521,4.952604325,7.32E-07
1179,4.951033085,7.38E-07
1578,4.945573767,7.59E-07
63,-4.94354809,7.67E-07
3103,-4.94251524,7.71E-07
3031,4.939151145,7.85E-07
505,4.93674835,7.94E-07
115,4.936514454,7.95E-07
628,4.934027579,8.06E-07
2842,4.934027579,8.06E-07
3157,4.93200735,8.14E-07
217,4.92954946,8.24E-07
1402,4.929003743,8.26E-07
1054,4.92053296,8.63E-07
999,-4.919379986,8.68E-07
3646,-4.918864462,8.70E-07
1301,4.915155238,8.87E-07
892,-4.914892562,8.88E-07
119,4.910720202,9.07E-07
290,4.907180138,9.24E-07
2592,-4.904336753,9.37E-07
3311,4.902947482,9.44E-07
55,4.897218864,9.72E-07
2287,4.892413921,9.96E-07
480,4.890153135,1.01E-06
845,-4.884039874,1.04E-06
921,4.880312803,1.06E-06
953,-4.879455165,1.06E-06
3064,-4.879182805,1.07E-06
2909,4.87633623,1.08E-06
1059,-4.872039971,1.10E-06
286,4.867108826,1.13E-06
1174,4.865574367,1.14E-06
713,4.865432164,1.14E-06
1785,4.864350869,1.15E-06
1990,4.862585526,1.16E-06
493,4.861422913,1.17E-06
1254,-4.859915729,1.17E-06
2383,4.859548893,1.18E-06
2441,-4.858513747,1.18E-06
244,4.85763212,1.19E-06
3433,-4.855033204,1.20E-06
2045,-4.854535052,1.21E-06
3359,-4.851793812,1.22E-06
1246,4.85069419,1.23E-06
3591,4.849624936,1.24E-06
1652,4.846733861,1.26E-06
443,4.842450986,1.28E-06
2726,4.840607799,1.29E-06
3314,-4.839808011,1.30E-06
1488,4.839437204,1.30E-06
1227,4.83008817,1.36E-06
2335,4.828261526,1.38E-06
454,4.825781613,1.39E-06
811,4.825781613,1.39E-06
2885,4.823189376,1.41E-06
3574,4.821990065,1.42E-06
889,4.820498915,1.43E-06
3459,4.817474721,1.45E-06
883,4.816158585,1.46E-06
166,4.813375168,1.48E-06
1581,-4.80819673,1.52E-06
1588,4.80280255,1.56E-06
3547,-4.798981873,1.59E-06
2891,4.794672936,1.63E-06
197,-4.793604297,1.64E-06
1626,4.791852643,1.65E-06
1405,-4.791335508,1.66E-06
2487,-4.78890405,1.68E-06
3659,4.782322276,1.73E-06
1748,4.781301566,1.74E-06
664,4.780952118,1.74E-06
2201,4.77747714,1.78E-06
1032,4.77391477,1.81E-06
1677,-4.773886762,1.81E-06
528,4.770951546,1.83E-06
1440,4.763417386,1.90E-06
111,4.760359299,1.93E-06
624,4.760081816,1.94E-06
84,4.759306828,1.94E-06
1445,4.752646628,2.01E-06
847,-4.752216322,2.01E-06
495,-4.749270979,2.04E-06
1369,4.747950612,2.05E-06
3234,4.746824526,2.07E-06
1955,4.745636427,2.08E-06
359,-4.739978569,2.14E-06
1233,4.738755059,2.15E-06
1564,-4.727849227,2.27E-06
1492,4.714391035,2.42E-06
3477,-4.710693305,2.47E-06
2046,4.707808323,2.50E-06
2835,4.706433897,2.52E-06
2833,4.701745531,2.58E-06
3453,4.698774906,2.62E-06
1238,4.697982468,2.63E-06
2427,4.697171422,2.64E-06
1512,4.690929823,2.72E-06
1111,4.689676475,2.74E-06
417,4.682714081,2.83E-06
1073,4.682142584,2.84E-06
1129,-4.680270594,2.86E-06
740,-4.67985485,2.87E-06
716,4.678420534,2.89E-06
663,4.673266526,2.96E-06
141,4.673003353,2.97E-06
3206,-4.670692626,3.00E-06
2164,4.670500148,3.00E-06
3418,4.669618237,3.02E-06
1352,4.667921638,3.04E-06
2470,4.660618399,3.15E-06
384,4.659748673,3.17E-06
389,4.65339446,3.27E-06
1395,4.643428616,3.43E-06
2556,-4.643154687,3.43E-06
3703,4.63953097,3.49E-06
1110,-4.63397734,3.59E-06
1643,4.63338993,3.60E-06
369,4.623261692,3.78E-06
2039,4.622939289,3.78E-06
2716,4.619758942,3.84E-06
870,-4.61942937,3.85E-06
2901,4.618607919,3.86E-06
2328,-4.614594942,3.94E-06
3558,-4.613637232,3.96E-06
557,4.610179934,4.02E-06
1726,4.607957327,4.07E-06
2086,4.605078879,4.12E-06
1632,4.604235155,4.14E-06
2363,-4.596016572,4.31E-06
1448,-4.591985716,4.39E-06
57,4.589079574,4.45E-06
2836,4.589079574,4.45E-06
3213,4.588179501,4.47E-06
2358,4.583862895,4.56E-06
1265,4.576629008,4.73E-06
3609,-4.5740746,4.78E-06
252,4.572259238,4.82E-06
1446,4.567965914,4.92E-06
1949,-4.562420669,5.06E-06
1871,4.555850457,5.22E-06
515,4.553188914,5.28E-06
3243,4.552567048,5.30E-06
1039,4.55210024,5.31E-06
3198,-4.55187011,5.32E-06
3358,-4.549277766,5.38E-06
16,-4.548665897,5.40E-06
3075,4.546138233,5.46E-06
2731,4.54601507,5.47E-06
1130,4.544541047,5.51E-06
1665,-4.53952102,5.64E-06
2942,4.527872717,5.96E-06
437,4.523497355,6.08E-06
1077,-4.517276395,6.26E-06
2713,4.507285503,6.57E-06
1305,4.504081524,6.67E-06
769,4.501444468,6.75E-06
1725,4.496733836,6.90E-06
440,4.491626832,7.07E-06
214,4.491572421,7.07E-06
1183,-4.48510579,7.29E-06
864,4.484927574,7.29E-06
1740,4.483199674,7.35E-06
3029,4.482802602,7.37E-06
3511,-4.481536219,7.41E-06
894,4.46155951,8.14E-06
2549,4.46104196,8.16E-06
80,4.454877397,8.39E-06
1589,4.447422103,8.69E-06
2959,4.442493639,8.89E-06
683,-4.435816467,9.17E-06
103,4.431736814,9.35E-06
3352,4.430976055,9.38E-06
2476,4.425534478,9.62E-06
2458,4.420208597,9.86E-06
1790,4.419307743,9.90E-06
1746,-4.417668162,9.98E-06
3598,4.416553359,1.00E-05
3190,4.41628827,1.00E-05
1185,-4.413139287,1.02E-05
3742,4.412315748,1.02E-05
3436,4.402734717,1.07E-05
1592,-4.390556468,1.13E-05
328,-4.385111358,1.16E-05
3531,-4.383085316,1.17E-05
3631,4.378708168,1.19E-05
3534,-4.378666943,1.19E-05
326,4.378191786,1.20E-05
3643,-4.37506413,1.21E-05
2322,-4.374316404,1.22E-05
1953,4.372386887,1.23E-05
833,4.369764336,1.24E-05
3523,4.369764336,1.24E-05
511,-4.367777296,1.26E-05
3005,-4.363837193,1.28E-05
3054,-4.359242684,1.31E-05
3240,4.357517387,1.32E-05
1115,-4.356612094,1.32E-05
3665,4.348496526,1.37E-05
2722,4.34358201,1.40E-05
3026,4.339328533,1.43E-05
2983,4.338908338,1.43E-05
1518,4.328082222,1.50E-05
3365,-4.327733877,1.51E-05
216,4.324605393,1.53E-05
801,4.319962049,1.56E-05
1329,4.307320891,1.65E-05
944,4.300000302,1.71E-05
2843,4.297385332,1.73E-05
3022,4.295321081,1.74E-05
256,4.289159674,1.79E-05
447,4.289135313,1.79E-05
2463,-4.287145044,1.81E-05
2408,-4.287081625,1.81E-05
1668,4.275421331,1.91E-05
198,-4.269948894,1.96E-05
919,-4.267469286,1.98E-05
1084,4.265442182,2.00E-05
2646,-4.261859172,2.03E-05
2409,-4.261825326,2.03E-05
1168,-4.258886263,2.05E-05
1335,4.249350914,2.14E-05
3533,-4.243045023,2.21E-05
954,-4.236749161,2.27E-05
3663,-4.235111758,2.28E-05
895,-4.225052637,2.39E-05
3623,4.224934194,2.39E-05
2916,4.224713088,2.39E-05
373,-4.223050429,2.41E-05
1431,4.222415248,2.42E-05
1285,-4.219728191,2.45E-05
933,4.21684654,2.48E-05
1293,-4.21576856,2.49E-05
1833,4.214960991,2.50E-05
1085,-4.210926543,2.54E-05
1994,4.20051281,2.66E-05
1957,-4.199114393,2.68E-05
1291,4.188291836,2.81E-05
1776,-4.172147213,3.02E-05
72,4.166217688,3.10E-05
1294,4.164270312,3.12E-05
1715,4.163321379,3.14E-05
631,4.162905696,3.14E-05
428,4.162843726,3.14E-05
1655,4.151540659,3.30E-05
2714,4.147677182,3.36E-05
1374,4.14579791,3.39E-05
961,-4.145468182,3.39E-05
2915,-4.144412211,3.41E-05
35,4.137499543,3.51E-05
2588,-4.134266049,3.56E-05
2461,4.134071343,3.56E-05
106,-4.124694613,3.71E-05
2163,4.116163016,3.85E-05
3119,4.115343827,3.87E-05
2273,4.108708967,3.98E-05
3051,4.108349098,3.98E-05
1277,4.106100732,4.02E-05
2884,-4.104765394,4.05E-05
3494,4.103002632,4.08E-05
564,-4.097994568,4.17E-05
105,4.093087512,4.26E-05
2939,4.092867974,4.26E-05
1713,-4.089209672,4.33E-05
2525,4.08331723,4.44E-05
2911,4.081551764,4.47E-05
36,4.078481813,4.53E-05
1350,4.077630603,4.55E-05
3185,4.075146891,4.60E-05
142,4.071862925,4.66E-05
2712,4.071045994,4.68E-05
1076,-4.064934134,4.80E-05
1160,4.059033876,4.93E-05
1297,4.057897623,4.95E-05
932,-4.045832258,5.21E-05
2949,4.038067527,5.39E-05
2943,4.026294149,5.67E-05
1607,-4.026250228,5.67E-05
1004,4.02589282,5.68E-05
2175,4.025511383,5.69E-05
645,4.023384612,5.74E-05
3763,4.014796862,5.95E-05
2385,4.009989519,6.07E-05
2412,4.002586188,6.27E-05
122,3.998931379,6.36E-05
2914,3.998171936,6.38E-05
2845,-3.996130288,6.44E-05
3540,-3.996130288,6.44E-05
2167,-3.992643183,6.53E-05
550,3.989728025,6.61E-05
3280,-3.985215446,6.74E-05
1116,-3.982774363,6.81E-05
486,-3.978240747,6.94E-05
3497,3.972830976,7.10E-05
3204,3.969562876,7.20E-05
701,3.969532671,7.20E-05
2037,3.966731153,7.29E-05
859,-3.961945317,7.43E-05
1716,3.957886379,7.56E-05
1594,3.956230078,7.61E-05
2341,3.956230078,7.61E-05
420,3.954623382,7.67E-05
1088,3.951343958,7.77E-05
69,3.951343958,7.77E-05
3017,3.949130701,7.84E-05
509,3.944699451,7.99E-05
501,3.942126447,8.08E-05
693,3.942126447,8.08E-05
964,3.942126447,8.08E-05
1030,3.942126447,8.08E-05
1720,3.942126447,8.08E-05
2051,3.942126447,8.08E-05
2292,3.942126447,8.08E-05
2529,3.942126447,8.08E-05
3637,3.942126447,8.08E-05
3676,3.942126447,8.08E-05
2725,-3.940044559,8.15E-05
3310,3.938272484,8.21E-05
526,-3.936145534,8.28E-05
689,-3.931604255,8.44E-05
332,-3.930570088,8.47E-05
3527,3.930569746,8.47E-05
3034,3.928817721,8.54E-05
1343,-3.928147555,8.56E-05
3155,3.920848131,8.82E-05
3580,3.914619989,9.05E-05
232,3.912788111,9.12E-05
656,3.911210408,9.18E-05
3525,3.906722002,9.36E-05
1822,-3.898386769,9.68E-05
2622,3.895895009,9.78E-05
3000,3.892765479,9.91E-05
2455,3.889011449,0.000100653
793,3.886060593,0.000101884
3004,3.883954452,0.000102771
140,3.883531672,0.00010295
979,3.883429832,0.000102993
331,3.880932868,0.000104057
3456,-3.880831109,0.0001041
3586,-3.880831109,0.0001041
2527,-3.878459022,0.00010512
2971,3.872664142,0.000107652
426,3.870759659,0.000108497
2034,-3.869351723,0.000109125
561,-3.868003683,0.00010973
1035,-3.865030931,0.000111075
3530,3.864053112,0.000111521
1497,3.855302143,0.000115587
358,3.851506616,0.000117393
201,-3.845263932,0.000120423
2640,3.842861417,0.000121608
1131,-3.8386695,0.000123703
2889,3.835697007,0.000125209
170,3.830490557,0.000127888
258,3.830490557,0.000127888
658,3.82551253,0.0001305
965,-3.819060797,0.000133961
3212,3.816140971,0.000135555
968,-3.813560782,0.000136979
3607,-3.799906427,0.000144751
1300,3.79088694,0.00015011
1750,3.777665475,0.000158305
458,3.774963188,0.000160031
3216,3.769769806,0.000163398
2001,3.767250039,0.000165056
3351,3.767250039,0.000165056
425,3.759693187,0.000170122
123,3.749209833,0.000177393
3339,3.745171971,0.00018027
3588,-3.743501253,0.000181474
808,3.741317597,0.000183058
429,-3.737706578,0.000185706
2554,-3.735828033,0.000187099
3572,-3.731406082,0.000190414
300,3.718587204,0.00020034
2298,3.713252685,0.000204612
873,3.709674325,0.000207526
1447,3.7063358,0.000210279
3099,3.700741818,0.00021497
2702,3.690981274,0.000223391
3675,3.683258998,0.000230271
2445,-3.680476013,0.000232799
2467,-3.674704236,0.000238125
2995,3.674421171,0.000238389
3678,3.671563413,0.000241071
934,3.667610088,0.000244828
27,3.66545695,0.000246897
2207,3.664194836,0.000248118
2997,3.664194554,0.000248118
8,3.660132099,0.000252085
708,3.657829484,0.00025436
253,3.655116854,0.000257065
834,3.648392178,0.000263887
3510,-3.647090218,0.000265227
297,3.644464869,0.000267949
939,-3.635978933,0.000276927
2447,3.635655728,0.000277274
545,3.632216857,0.000280997
2265,3.630988069,0.000282338
294,3.628541247,0.000285027
376,3.627578475,0.000286092
1237,3.610170861,0.000305995
1312,-3.609123034,0.000307234
1634,-3.607002799,0.000309754
1057,3.605704938,0.000311307
2599,3.60206722,0.000315697
2288,-3.595650615,0.000323582
875,3.591666005,0.000328571
855,3.590988324,0.000329426
2405,-3.580545799,0.000342877
1182,-3.579035172,0.000344865
2615,3.568570835,0.000358934
1019,3.562331586,0.000367576
1286,3.561636483,0.00036855
804,3.5615585,0.00036866
1234,3.548014192,0.000388147
3546,-3.546587955,0.000390254
633,3.543964782,0.000394158
2612,3.542991691,0.000395615
2638,-3.542578164,0.000396236
788,3.53207844,0.000412307
2172,3.527833893,0.000418975
3171,3.523430067,0.000426
1642,3.522624649,0.000427296
3431,3.521111272,0.000429742
2176,3.519061804,0.000433076
2852,3.508825993,0.000450089
54,3.499922692,0.000465393
1934,3.498449759,0.000467971
2504,3.494579948,0.000474808
3557,-3.482984665,0.000495857
929,-3.479225718,0.000502865
3608,3.472577583,0.000515486
474,3.465940038,0.000528381
2342,3.465940038,0.000528381
52,3.464290633,0.000531632
986,3.464265717,0.000531681
3464,3.461019869,0.000538133
1213,3.454547515,0.000551217
516,3.452627661,0.000555155
1786,-3.451484622,0.000557512
2486,-3.449781322,0.000561041
2338,-3.44391278,0.000573361
1037,-3.441772539,0.000577916
1267,3.436801992,0.000588626
2270,3.435933317,0.000590516
107,3.432424728,0.00059821
879,3.431705867,0.000599798
3638,3.426155238,0.00061219
3337,3.423108045,0.000619095
1026,3.420658161,0.000624698
71,-3.413832624,0.000640559
1797,-3.406417283,0.000658215
2953,3.403372433,0.000665595
379,3.401582956,0.000669968
3203,-3.401010883,0.000671372
1000,-3.397328791,0.000680472
1608,3.396481504,0.000682582
2650,-3.391291601,0.00069564
3121,-3.38967593,0.000699753
2098,3.389086445,0.000701259
909,-3.382325755,0.000718749
1629,3.378258282,0.000729465
524,3.373030004,0.000743459
2697,-3.359455965,0.000780961
924,-3.358179279,0.000784577
137,-3.357031588,0.000787841
11,3.350766414,0.000805882
1354,-3.349103896,0.000810734
1569,-3.349103896,0.000810734
724,3.344866758,0.000823221
3432,3.342477466,0.000830341
791,3.338753963,0.000841551
3644,-3.33769966,0.00084475
2200,3.336004851,0.000849917
1316,3.335314811,0.000852029
1599,3.334615704,0.000854174
1162,-3.330463168,0.000867016
2634,-3.32033856,0.000899083
3612,-3.319959076,0.000900306
2831,-3.307722966,0.000940578
3454,3.307176834,0.000942414
930,3.307010517,0.000942974
2598,3.298705554,0.000971317
907,3.29507057,0.00098397
150,3.29021509,0.001001108
1043,3.270008124,0.001075444
1930,3.269018292,0.001079213
204,3.261086942,0.00110986
1120,-3.246332533,0.001169022
3326,3.243040551,0.001182614
1888,3.238850979,0.001200123
3350,-3.22754362,0.00124858
1206,3.22693815,0.001251225
1501,-3.219385323,0.001284657
3475,-3.217186315,0.001294545
1251,3.210813744,0.001323597
887,-3.210404137,0.001325485
1535,3.208173119,0.001335811
1322,3.187410554,0.001435529
3562,3.177487435,0.001485571
686,3.167678972,0.001536611
476,3.158106401,0.001587976
2611,3.157723278,0.001590064
3544,-3.15546047,0.00160245
2940,-3.151046252,0.001626867
3448,3.149967358,0.001632887
1370,3.149855482,0.001633512
120,3.149260316,0.001636843
3472,3.138134246,0.00170027
3403,-3.137296783,0.001705134
1341,-3.13372581,0.001726021
1220,3.131899288,0.001736794
1132,3.130532423,0.001744897
3196,3.130532423,0.001744897
780,-3.129859508,0.001748899
233,3.123779458,0.001785442
2352,3.117988122,0.001820901
3109,3.117510765,0.001823853
1193,-3.114871544,0.00184025
3345,3.113279795,0.001850205
1590,3.108241776,0.00188204
2639,-3.107941987,0.00188395
3560,-3.104036279,0.001908999
3338,-3.103885839,0.00190997
977,3.10325806,0.001914027
2469,3.095000302,0.001968127
403,3.093878537,0.001975583
1186,-3.09170088,0.001990133
2967,3.089894158,0.002002278
1337,-3.087746566,0.002016804
1154,-3.084578543,0.002038408
1516,3.083713854,0.002044341
1567,3.078954973,0.002077281
2489,3.073261912,0.002117326
2343,3.064200673,0.002182525
3728,-3.063116562,0.002190447
2087,3.052950044,0.002266037
1524,-3.048624023,0.00229892
2881,-3.040158331,0.002364538
3474,3.04004437,0.002365433
865,3.03093822,0.002437951
1783,3.029301728,0.002451197
7,-3.022997851,0.00250284
540,3.010430334,0.002608778
1158,-3.005171476,0.002654312
151,3.000391164,0.002696331
399,3.000391164,0.002696331
1295,2.999738432,0.002702115
2040,2.99931427,0.00270588
463,2.995601227,0.002739044
3610,2.995306279,0.002741694
2862,2.987413611,0.002813488
1458,2.987156084,0.002815859
1005,-2.986659533,0.002820436
3741,2.986025805,0.002826288
931,2.974813081,0.002931671
87,2.972622296,0.002952676
1106,2.972622296,0.002952676
1657,2.972622296,0.002952676
2169,2.972622296,0.002952676
2838,2.972622296,0.002952676
3561,-2.966889453,0.003008291
1843,-2.960979397,0.003066625
679,-2.959363524,0.003082752
2826,-2.956946131,0.003107024
3058,2.953985311,0.003136989
971,-2.952378434,0.003153362
900,-2.95188329,0.003158423
82,2.946720387,0.003211635
2619,2.941080407,0.003270696
2849,2.940144278,0.003280594
923,-2.935761834,0.003327297
2457,-2.933493108,0.003351711
1311,2.931089444,0.003377755
3662,-2.928324388,0.003407943
1978,2.917759669,0.00352556
1109,2.917494314,0.003528561
3349,-2.915013849,0.003556728
147,-2.914893322,0.003558101
3363,2.905111881,0.003671218
3519,2.90482497,0.003674585
1484,2.90168577,0.003711606
2297,2.899995719,0.003731678
1107,-2.899465683,0.003737993
1347,2.899084639,0.003742539
849,2.898110335,0.003754185
2917,-2.88471221,0.003917716
3174,2.882386439,0.003946754
839,2.878745958,0.003992598
1159,2.878272488,0.003998596
3725,-2.87722559,0.004011887
1929,-2.874702954,0.004044078
1229,2.871685415,0.004082892
2174,-2.863048254,0.004195867
1070,2.859584967,0.004241958
1496,-2.858619845,0.004254884
1080,2.85674659,0.004280074
3384,2.85630263,0.004286064
1197,2.851106571,0.004356736
1489,2.848848572,0.004387776
1050,2.843486827,0.004462285
452,2.843429504,0.004463088
941,2.828632409,0.004674736
1126,2.824222732,0.004739544
3348,2.820877239,0.004789253
1724,2.820877239,0.004789253
1777,2.818077782,0.00483121
144,2.816661161,0.004852569
1731,-2.815138651,0.004875619
1733,2.81014668,0.004951893
3428,2.809498826,0.00496187
1358,2.8074779,0.004993111
1430,2.804656849,0.005037017
3529,2.795124553,0.005187972
2719,-2.791514046,0.005246208
2834,2.789387938,0.005280777
1255,-2.786518943,0.00532775
952,2.775061943,0.005519119
336,-2.765549375,0.0056827
3498,2.762442893,0.00573706
1507,-2.750411344,0.00595205
191,-2.743041262,0.006087304
83,2.740191165,0.006140346
3076,2.738926783,0.00616401
3195,2.731677103,0.006301286
2999,2.726324171,0.006404406
3554,2.726109827,0.006408567
1279,2.725817292,0.006414249
1584,2.723629146,0.006456897
3308,-2.715989071,0.00660781
1047,-2.714929956,0.006628979
517,-2.710598212,0.006716196
3600,-2.705785492,0.006814305
3513,2.704632964,0.00683799
525,-2.704582093,0.006839037
2898,2.701455984,0.006903662
3708,2.701324829,0.006906385
667,-2.699686632,0.006940482
2602,2.687681992,0.007194988
2626,-2.682804742,0.00730076
2181,-2.681248939,0.007334793
2711,2.673820395,0.00749926
3553,-2.671756406,0.00754554
434,-2.664310328,0.007714636
853,2.663325107,0.007737262
1799,2.656651466,0.007892099
2320,2.652134166,0.007998475
3382,-2.64971274,0.008056024
946,2.646589544,0.008130798
1058,-2.640945858,0.008267493
993,2.637338918,0.00835593
377,-2.630916558,0.008515494
829,2.62963414,0.00854768
973,2.629366378,0.008554414
1093,2.622581501,0.008726639
3402,2.622102283,0.00873892
2350,2.606726952,0.009141222
2897,-2.603876578,0.009217594
2724,-2.603146642,0.009237243
1125,-2.600662153,0.009304404
1269,-2.595376348,0.009448739
3518,2.595037656,0.009458056
2980,2.591357779,0.009559805
3020,2.587752191,0.009660445
1579,-2.587440245,0.009669197
1836,-2.587440245,0.009669197
643,-2.579098977,0.00990584
289,-2.578150769,0.009933065
301,2.576522696,0.009979965
477,2.576522696,0.009979965
806,2.576522696,0.009979965
1403,2.576522696,0.009979965
1056,2.573598695,0.010064694
1549,2.56820957,0.010222533
2442,2.56430387,0.010338299
2888,-2.561767977,0.010414087
2107,2.558144077,0.010523248
1068,2.5576702,0.010537598
3611,2.555468714,0.010604489
3457,2.555330954,0.010608688
3496,-2.554753356,0.010626306
2906,-2.550433833,0.010758894
298,2.543095095,0.010987532
1198,2.54241328,0.011008992
2503,2.538841671,0.011122014
1442,2.536575679,0.011194254
1572,-2.534902126,0.011247875
1504,-2.532926775,0.011311458
781,2.530229041,0.011398809
85,2.517962263,0.011803597
1243,2.516551502,0.011850958
2002,2.512757817,0.011979154
1841,2.51104806,0.012037331
2285,2.509014071,0.012106866
3387,2.507564971,0.012156623
1033,-2.507446831,0.012160688
1008,-2.506757394,0.012184431
862,2.505603076,0.012224276
2586,2.501599145,0.012363382
1155,2.492628616,0.01268014
1271,2.485247067,0.012946155
947,-2.484285469,0.01298117
559,2.483058122,0.013025983
2478,2.47693791,0.013251495
2180,-2.476700528,0.013260311
45,2.47370294,0.013372083
2099,-2.460713449,0.013866106
3458,2.449684823,0.014298131
1211,2.442226165,0.014596999
1361,-2.441978109,0.014607032
1046,2.438799511,0.014736141
407,2.434792205,0.014900344
1505,2.428341579,0.01516805
1052,2.426456808,0.015247065
1344,2.419196019,0.015554856
1639,2.417409989,0.0156314
2609,-2.414116505,0.015773418
240,2.412706698,0.015834556
1175,2.410927517,0.01591201
77,2.409070011,0.01599323
2277,2.407072265,0.016080987
2699,2.406772731,0.016094182
2700,2.406338583,0.016113323
1278,2.405904186,0.016132495
1753,2.402644074,0.016277021
1597,2.399337948,0.016424748
1283,2.396547418,0.016550352
3730,-2.389342459,0.016878561
1819,2.389236725,0.01688342
1360,2.387962287,0.01694208
1320,2.387425298,0.016966851
3282,2.387217489,0.016976445
1441,2.376516543,0.017476978
433,2.369042794,0.01783419
199,2.368068853,0.017881208
651,-2.36651758,0.017956321
2652,2.363411118,0.01810757
3656,2.362762687,0.018139281
721,-2.360736192,0.0182387
2721,2.354556055,0.018544846
927,2.350633812,0.018741468
1276,-2.349979626,0.018774439
2613,-2.349979626,0.018774439
3357,-2.348735546,0.01883728
2360,2.342133516,0.019173854
3215,2.340668994,0.019249225
1738,2.340617412,0.019251884
697,2.336135748,0.019484168
778,2.336135748,0.019484168
1273,2.336135748,0.019484168
1538,2.336135748,0.019484168
2423,2.336135748,0.019484168
2718,2.336135748,0.019484168
3170,2.336135748,0.019484168
692,-2.332067438,0.019697144
2710,-2.332067438,0.019697144
3068,-2.327312032,0.019948664
1711,-2.306392858,0.021088691
3295,2.305749367,0.021124641
88,2.301062763,0.021388084
2654,2.301017012,0.02139067
507,2.293304023,0.021830508
3306,-2.290315555,0.022003031
3661,-2.290163561,0.022011837
1398,-2.286763486,0.022209632
1533,-2.286763486,0.022209632
2706,-2.286763486,0.022209632
2348,2.281164969,0.022538687
2648,2.261865369,0.023705723
159,2.257590427,0.023971206
702,2.255614904,0.024094759
3684,-2.252791301,0.024272311
996,-2.252265145,0.024305521
2111,2.250820069,0.024396936
3570,-2.250619419,0.024409652
554,2.250165386,0.024438449
1635,-2.247566142,0.024603869
969,2.242999726,0.024896832
1950,-2.242129109,0.024953029
959,2.242115166,0.02495393
2727,2.241689954,0.024981418
3030,-2.241572952,0.024988986
488,2.240472962,0.025060234
124,2.227132538,0.025938417
1490,-2.220173261,0.026407009
1922,-2.218390848,0.026528195
641,2.214669793,0.026782738
2905,2.212888423,0.026905339
3055,2.21221253,0.026951984
2896,-2.208547842,0.027206107
114,2.205931801,0.027388775
3563,-2.205227212,0.027438155
3524,-2.201117683,0.027727694
143,2.200167954,0.027794981
3298,2.195941903,0.028096102
1363,-2.194426898,0.028204734
3376,2.190258995,0.028505459
3361,-2.188777233,0.028613035
2334,2.187169694,0.028730138
206,2.166202143,0.030295743
2708,-2.160574671,0.03072821
156,2.154005326,0.031239754
3604,2.153389192,0.031288104
1587,2.140383491,0.032323788
138,-2.131213649,0.033071545
3726,-2.124920101,0.03359328
2417,-2.103632915,0.03541048
1436,2.102777615,0.035485214
1051,2.099012347,0.035815812
1573,2.092209713,0.03641976
896,2.091571381,0.036476875
2268,-2.090313236,0.036589671
2526,2.089794772,0.036636239
86,2.086662786,0.036918627
1536,2.086662786,0.036918627
2296,2.086662786,0.036918627
3278,-2.085685945,0.03700708
3539,-2.080316694,0.037496495
485,2.078732029,0.037641987
1101,-2.078588936,0.037655149
872,2.076971055,0.037804231
2351,-2.074228215,0.038058121
3364,-2.074228215,0.038058121
1455,2.073404902,0.038134613
167,2.071106083,0.038348883
634,2.060955512,0.039307285
2618,-2.060450796,0.039355465
3154,-2.058642076,0.039528539
1031,2.051011628,0.040265814
869,2.046994766,0.040658598
1081,2.041554554,0.041195737
1586,2.039929886,0.04135731
1065,-2.039426076,0.041407522
129,2.039144371,0.041435621
2488,2.039144371,0.041435621
2964,-2.038397506,0.041510196
1334,-2.03767707,0.041582239
372,2.036967939,0.041653255
1705,2.036047407,0.041745595
2365,2.02915644,0.042442359
1028,-2.026034708,0.042761228
1393,2.025174563,0.042849443
3304,2.018404658,0.043549135
2551,-2.015365635,0.043866352
2462,2.014914093,0.043913651
963,-2.009913193,0.044440377
3283,2.009332316,0.044501903
1127,-2.005922115,0.044864558
920,-1.996211505,0.045910906
2356,-1.99482745,0.046061702
1292,-1.994357129,0.04611304
1938,1.988183335,0.046791417
3066,1.984650096,0.047183415
2882,-1.963902719,0.049541374
218,1.962818311,0.049667289
3564,-1.957503682,0.050288279
2649,-1.957146122,0.050330291
3731,-1.954973439,0.050586205
2203,-1.952035933,0.050933939
1659,-1.951039493,0.051052348
711,1.936019768,0.05286528
2903,1.935352044,0.05294711
3340,1.929102034,0.053718197
2595,1.912643372,0.055793723
850,-1.904502659,0.056844751
1801,-1.898718317,0.057601522
1184,1.897725456,0.057732257
1086,-1.896793659,0.057855177
62,1.892923803,0.058368003
1164,-1.878101742,0.060367248
1156,1.87140759,0.061288608
1987,1.86658962,0.061958918
2336,1.862600918,0.062518435
3105,1.862600918,0.062518435
1274,1.862600918,0.062518435
1487,1.862600918,0.062518435
2451,-1.859561024,0.062947658
695,-1.857661932,0.063217038
1194,-1.857427561,0.063250348
3309,1.856542816,0.063376226
3275,1.856182037,0.063427616
1742,1.847576115,0.064663688
718,1.847412736,0.064687345
1366,-1.844935121,0.065046977
3237,1.842977965,0.065332228
2291,-1.842310249,0.065429781
2392,1.840981215,0.065624312
2951,1.830533637,0.067170182
1215,1.83021346,0.067218026
3535,1.82471576,0.068043934
3300,-1.823445312,0.068235973
1025,-1.81800232,0.069063778
388,1.810261518,0.070255242
1752,-1.807334416,0.070710153
1195,1.804236204,0.071194286
3380,1.803716551,0.071275754
2591,1.798125276,0.072157158
1981,1.797220664,0.072300595
1672,-1.795009005,0.072652265
1013,1.793979862,0.072816383
942,1.793421463,0.072905558
5,1.787679748,0.073827691
3674,1.773015913,0.07622607
739,1.772812988,0.076259701
383,-1.766660694,0.07728507
960,-1.765058141,0.077553995
1338,-1.758872639,0.078599143
2184,1.756976472,0.07892182
3183,1.755510254,0.079172068
3313,1.754116129,0.07941061
1071,-1.753941641,0.079440508
1779,-1.750236044,0.080077592
1598,1.744652213,0.081045426
1493,-1.732238106,0.083231177
727,1.725865932,0.084371535
2666,1.725167355,0.084497317
248,-1.715559455,0.086242705
891,-1.713853264,0.086555678
2475,1.705966888,0.088014245
3521,1.705466587,0.088107439
3639,1.705466587,0.088107439
918,1.70373025,0.088431494
1356,1.695429943,0.08999389
1704,1.692023949,0.090641407
194,-1.691576092,0.090726828
1627,-1.684591665,0.092067381
523,1.684049507,0.092172101
3274,-1.671257125,0.094670901
2369,1.671220084,0.094678215
715,1.66969634,0.094979458
1002,-1.667391398,0.095436603
341,1.666729771,0.09556815
2003,1.666729771,0.09556815
3682,1.651883484,0.098558306
1284,1.651411239,0.098654631
2333,1.651405783,0.098655745
1315,-1.645461188,0.09987474
854,-1.642164568,0.100555904
1134,-1.641608553,0.100671154
1928,-1.638298528,0.101359435
3244,-1.636635991,0.101706551
1280,1.634305128,0.102194798
1735,1.631251031,0.102837361
1826,1.629338377,0.103241406
2347,1.623308175,0.104523543
783,1.622105656,0.104780727
1741,1.620325186,0.105162441
1827,1.619221509,0.105399612
3268,1.615241969,0.106258305
145,1.614895415,0.106333345
1736,1.607712359,0.107898191
1042,1.605971954,0.108280072
684,-1.605551562,0.108372475
3287,1.594298161,0.110869269
3180,1.593138814,0.111129054
207,-1.589732424,0.111895132
510,1.585660445,0.112816357
1176,-1.577842065,0.114601897
1443,1.577132518,0.114765036
1531,-1.573084898,0.115699161
48,1.567213219,0.117064862
3680,1.563874867,0.117846958
1191,1.560568922,0.118625496
1434,1.554855589,0.119980466
2000,-1.549107488,0.121355883
1547,-1.547492862,0.121744444
459,1.545884627,0.122132434
30,-1.544724091,0.122413015
882,-1.538975488,0.123810281
2657,-1.526635715,0.126851621
566,1.52588215,0.127039217
2269,-1.525721904,0.127079137
2947,-1.5244776,0.127389448
2047,-1.521790203,0.128061657
2705,-1.521790203,0.128061657
948,1.519515373,0.128632821
1122,1.515812165,0.129566855
431,1.513985903,0.130029415
2973,-1.512911827,0.130302057
992,-1.503328795,0.132754278
1791,1.502863983,0.132874122
1210,-1.501953005,0.133109246
736,-1.49661288,0.134494017
1823,-1.493834132,0.135218978
852,-1.490702002,0.13603975
3060,-1.490702002,0.13603975
2349,1.475297757,0.140132509
3672,1.475297757,0.140132509
650,-1.469672929,0.141650358
502,-1.458613231,0.14467159
1435,1.4560699,0.145373298
3191,-1.450680371,0.146868884
881,1.449677405,0.147148499
1118,1.437589705,0.150550504
2945,1.436636772,0.150821229
3197,1.435608578,0.151113753
1223,1.429337606,0.152907222
1580,1.427542687,0.15342353
1660,1.41997379,0.155615312
1673,1.411560104,0.158079527
2900,-1.41053428,0.158381982
1745,1.404152329,0.160273494
1075,-1.399175094,0.161760483
1454,1.396279672,0.162630293
74,1.394398395,0.163197333
974,1.387513093,0.165285362
2346,-1.387135007,0.165400599
890,1.386036938,0.165735625
1624,-1.385774408,0.165815799
2904,-1.38532393,0.16595344
735,1.373786399,0.169508005
3420,1.366670198,0.171728703
451,1.356252079,0.175018977
2205,1.353660016,0.17584487
3025,1.350166653,0.176962532
884,1.349491458,0.177179162
254,1.348265876,0.177572884
3589,-1.346710656,0.178073439
720,1.337792934,0.180963946
2857,1.336281613,0.181457244
2390,1.333811261,0.18226572
1993,1.32354654,0.18565369
3069,1.323396099,0.185703688
2173,1.317036226,0.187826482
504,1.314715097,0.188605671
698,1.314715097,0.188605671
913,1.310634662,0.189981223
1392,1.302257689,0.19282831
709,-1.30144256,0.193107014
1244,-1.298319003,0.194177739
1209,1.289691517,0.197157786
742,-1.286472306,0.198278278
972,1.284918294,0.198820838
2345,-1.283834327,0.19919993
3269,1.27848925,0.201076973
936,-1.27787463,0.201293635
707,-1.274796876,0.202381147
3156,1.270104203,0.204047515
3492,1.257163015,0.208694613
1217,-1.240622589,0.214745203
3606,-1.238213351,0.215636962
908,1.227210784,0.219743377
2715,-1.225245456,0.220482752
1991,1.223974828,0.220961723
901,1.223229259,0.221243117
1241,1.201904185,0.229400653
1772,1.198924814,0.230557182
1802,1.196555649,0.231479796
2610,-1.185043575,0.236000219
1958,1.181564963,0.237378363
1481,1.177340915,0.239059463
3584,-1.170464876,0.241813941
2179,1.166222132,0.243524647
1500,-1.15777795,0.246954664
2165,-1.15166468,0.249458891
3296,1.150038795,0.250127893
2974,1.143002931,0.253037374
797,1.143002931,0.253037374
3595,-1.13855762,0.254887713
2097,-1.133854094,0.256855756
922,-1.133519131,0.256996312
2643,1.13221995,0.257541975
2918,-1.121663764,0.262005429
2049,-1.117108212,0.26394806
2289,-1.117108212,0.26394806
2506,1.112865275,0.265766296
2605,1.112763815,0.26580988
3158,-1.111715042,0.26626069
1932,-1.108866296,0.267487865
3354,-1.104699008,0.269290033
1637,-1.098645808,0.271922589
1719,-1.096056291,0.273054141
3344,1.093394171,0.274220772
2272,-1.091560339,0.275026397
1924,-1.055147441,0.291357898
2982,-1.049664043,0.293872601
60,1.048709096,0.294312027
3737,1.04064925,0.298038365
1651,-1.032925436,0.301638794
3736,-1.025983777,0.304899231
1887,-1.021356265,0.307085678
632,-1.020342525,0.307566042
2990,-1.014998614,0.310106488
2948,-1.001873645,0.316404623
3478,-1.001794188,0.316443005
911,-1.001769786,0.316454793
415,1.000665702,0.316988454
1242,-0.996916617,0.318804985
1314,0.987491376,0.323401809
382,0.987050911,0.323617681
2880,-0.976221748,0.328954588
1055,-0.969524401,0.332283612
3207,0.965467576,0.334310669
3634,0.964385369,0.334852755
497,0.962989459,0.335552813
1890,0.960818822,0.336643273
1794,0.957028921,0.338552658
2952,0.956870635,0.338632555
1498,0.955747733,0.339199701
2590,-0.955204542,0.33947427
1800,-0.949645912,0.342292202
1747,-0.938976249,0.347742939
3360,0.933508814,0.350557322
146,0.917581261,0.358838132
1925,0.91515539,0.36011006
3585,-0.910649255,0.362480209
2981,0.907560214,0.364110623
3632,0.907293572,0.364251573
514,0.905896015,0.364990894
3419,-0.891971008,0.372408472
1718,0.890343207,0.373281628
2386,0.890343207,0.373281628
1927,0.889925708,0.373505779
935,-0.886032986,0.375599753
1102,0.884634399,0.376353848
970,0.881356192,0.378125061
1024,-0.876527807,0.380743166
2829,-0.876331379,0.380849911
2110,0.875392708,0.381360266
2600,-0.874679089,0.381748541
945,0.869283136,0.384692285
648,0.867855067,0.38547368
2278,0.866746904,0.3860807
3596,-0.863724628,0.387739181
371,0.858833036,0.390432638
1252,0.857173599,0.391348951
3391,0.848648032,0.396077171
2902,0.845664496,0.397739935
2361,0.836062213,0.403119905
666,-0.828561649,0.407352497
1371,-0.8221042,0.411017595
988,0.816925016,0.413971281
1539,0.811585975,0.417029242
2966,-0.805480107,0.420542681
1181,0.801347903,0.422930266
1040,0.800722987,0.423292032
412,-0.800597029,0.423364971
1869,-0.798605156,0.424519397
1676,0.798037335,0.424848825
731,0.795364511,0.426401498
3655,0.79295259,0.427805445
342,-0.792647474,0.427983241
2601,0.789602498,0.429759949
3101,0.780332753,0.435195039
2859,-0.776893026,0.437221886
2607,0.776784188,0.437286107
3356,-0.773200143,0.439403941
237,0.771965188,0.440135046
1773,0.770293714,0.441125685
2178,-0.76493782,0.444308572
1089,-0.764103987,0.444805277
2096,-0.754276072,0.450683467
998,-0.751617767,0.452280955
3059,-0.746813317,0.455176256
547,-0.745406859,0.456025799
3188,-0.740278509,0.459131019
2413,-0.739646182,0.459514712
3325,-0.734088537,0.462894779
2606,-0.728080944,0.466564038
3679,-0.726891571,0.467292381
878,-0.724133116,0.468984015
980,0.70848848,0.478641963
951,0.705019383,0.480798174
2286,0.702686202,0.482251328
874,-0.698975977,0.484567044
1602,0.680859323,0.495960509
552,0.677951577,0.497802396
487,-0.675743616,0.499203439
2171,-0.672900127,0.501010831
1117,-0.666844496,0.504871468
1751,0.665519656,0.505718176
2623,-0.653590591,0.513375608
3052,-0.645854875,0.518373346
1610,0.643798117,0.519706355
2555,-0.639560628,0.522458286
3281,0.638835397,0.522930018
2883,0.633461871,0.526432073
2644,0.630297355,0.528500053
2456,0.626860983,0.530750365
2641,-0.624045761,0.532597533
3543,0.621603437,0.534202661
2832,0.620193614,0.535130325
1593,-0.619095954,0.535853148
3734,0.615789011,0.538033781
2913,-0.613296685,0.539680185
2443,0.609581489,0.542139077
3307,0.606474046,0.544200012
899,0.604078031,0.545791765
3549,-0.592768172,0.553336311
962,-0.59104037,0.554493372
3550,-0.589746728,0.555360462
1426,0.588750047,0.55602896
2452,0.584290647,0.559024783
3343,0.582514618,0.560220098
975,-0.580769545,0.561395783
1321,0.575406161,0.565016638
2828,-0.573310097,0.56643475
3566,0.571851201,0.567422787
41,-0.545218547,0.585603217
1062,0.545001703,0.585752347
339,-0.54059289,0.588788219
1491,-0.54059289,0.588788219
2468,-0.540105238,0.589124458
3210,-0.540105238,0.589124458
2450,0.535562478,0.592260967
1562,-0.533451637,0.593720981
1631,-0.53109406,0.5953536
386,-0.529938992,0.59615423
1499,0.526954854,0.59822494
690,0.517665777,0.60469148
1309,0.514246535,0.607079637
3209,0.499697691,0.617287958
832,-0.498592549,0.618066456
3270,-0.495344164,0.620357201
2240,-0.495172815,0.620478138
89,-0.492996956,0.622014738
3450,0.488904362,0.624909407
1649,-0.485284492,0.627474554
681,-0.483072262,0.629044428
3578,-0.481078942,0.630460394
3605,0.480725349,0.630711712
649,0.477347401,0.633114763
3341,-0.474476315,0.635160284
3177,0.474066653,0.635452377
1453,0.470769729,0.637805184
3007,-0.468612388,0.639346721
1178,0.468457897,0.639457173
2471,0.468253098,0.639603604
2344,-0.463283593,0.643161104
1281,-0.45668272,0.647899113
989,0.443603114,0.657329554
994,-0.442654487,0.658015667
1290,-0.441078521,0.659156152
910,-0.440876186,0.659302635
3297,-0.440876186,0.659302635
1009,-0.433217298,0.664856913
1722,0.42404525,0.671532813
1935,0.416390694,0.677124137
1020,0.413856444,0.678979244
2044,0.413856444,0.678979244
518,0.413709595,0.679086799
991,-0.409130684,0.682443759
3385,-0.405364984,0.685209246
3342,0.404356362,0.685950685
3594,-0.39815382,0.690516804
2459,-0.397173945,0.691239194
744,0.39384765,0.693693522
830,0.393382765,0.694036798
1196,-0.391072086,0.695743953
51,0.381199916,0.703054911
1060,-0.369071169,0.712074678
2589,-0.368253832,0.712683974
2267,0.345667059,0.729592943
3495,0.345051811,0.73005542
3353,-0.339539756,0.734203153
1027,0.33365637,0.738638877
2846,-0.332238208,0.739709395
12,-0.331193469,0.740498353
1017,-0.325640982,0.744696002
1044,0.323058704,0.746650784
2667,-0.319947462,0.749008158
3602,-0.317659191,0.75074347
205,-0.315959488,0.752033258
3167,-0.315050451,0.752723349
2621,-0.313185675,0.754139601
866,0.309925762,0.756617411
2406,-0.297958216,0.765735054
726,0.293870842,0.7688566
1601,0.291583135,0.770605372
1231,0.280022056,0.779460583
860,-0.274349,0.783816432
1606,0.264587127,0.791327538
2632,-0.259896437,0.79494366
2182,0.259830924,0.794994196
1049,-0.257213711,0.7970138
2239,-0.248628595,0.803648087
2988,-0.24637952,0.805388459
1323,0.244121057,0.807137064
33,0.2396932,0.810568107
3172,-0.236455508,0.813079228
3552,-0.236455508,0.813079228
2414,0.234413646,0.814663865
925,-0.227427868,0.820091053
1633,0.220473391,0.825502493
1661,-0.216490325,0.828605566
2603,-0.214817456,0.829909642
1133,-0.212331867,0.831848136
3473,-0.211261236,0.832683429
3301,0.206387892,0.836487928
484,0.203039032,0.839104525
926,0.198112645,0.842956931
1945,0.186543773,0.852018356
1666,-0.186472783,0.852074021
2353,-0.181236319,0.856182088
2965,-0.178613348,0.858241313
682,0.176309481,0.860050814
287,0.166771473,0.867549866
3528,0.164694126,0.869184741
722,-0.163850581,0.869848772
2665,-0.163335328,0.870254419
871,-0.152142099,0.87907486
842,0.149203518,0.881393044
2425,-0.148599635,0.881869561
1712,0.147883553,0.882434669
893,-0.146169412,0.883787652
1167,-0.145033275,0.8846846
1201,-0.136538701,0.891395432
1342,-0.136418905,0.89149013
1933,0.135118528,0.892518162
912,0.133592787,0.893724589
500,-0.131426511,0.895437918
867,-0.125067208,0.900470344
2636,0.123843182,0.901439441
3657,0.118811973,0.905424322
1923,-0.118364239,0.90577906
3735,-0.117186542,0.906712231
1561,-0.113895522,0.909320615
1204,-0.104744827,0.916578291
68,-0.09857689,0.92147422
1778,-0.097915845,0.921999118
2162,0.096907693,0.922799699
1926,0.089238711,0.928892201
660,0.086791262,0.930837434
868,0.077408164,0.938298846
955,-0.077201318,0.938463393
1609,0.074936679,0.940265093
2987,-0.073631929,0.941303264
2553,-0.07202749,0.942580031
644,0.071006632,0.943392477
1582,-0.067860989,0.945896293
3565,0.067799531,0.945945217
1663,-0.065696522,0.947619442
1041,0.063062147,0.949717017
1529,-0.060648781,0.951638924
419,0.058070062,0.953692821
1670,-0.057356578,0.954261152
3302,-0.056560505,0.954895297
949,0.051114783,0.959234057
1288,0.049557575,0.960474955
1837,0.047267544,0.962299995
1082,-0.03914101,0.968777964
3202,0.038448939,0.969329742
2704,0.031496987,0.974873195
1828,-0.029236613,0.976675881
3124,-0.020435309,0.983696117
3555,0.018824935,0.984980762
938,0.016625976,0.986735001
1428,0.013898697,0.988910801
1333,-0.009241237,0.992626665
3102,0.007676799,0.993874861
