Regulon_ID,HRRembrandt,Cox-p-valueRembrandt
1551,8.442072556,3.12E-17
2968,-7.888258424,3.06E-15
1069,7.853279451,4.05E-15
1936,7.678019944,1.62E-14
3035,-7.551337546,4.31E-14
2340,-7.504499081,6.17E-14
3107,-7.504499081,6.17E-14
1359,7.481744045,7.33E-14
1834,-7.416896619,1.20E-13
1048,7.381236592,1.57E-13
2839,7.362992991,1.80E-13
1574,7.348944639,2.00E-13
1100,-7.339037285,2.15E-13
897,7.319157173,2.50E-13
1840,-7.313689747,2.60E-13
2912,-7.300093585,2.88E-13
2004,7.295367423,2.98E-13
1405,-7.29256056,3.04E-13
2185,7.271888456,3.54E-13
1119,7.220877207,5.17E-13
2035,7.198725681,6.08E-13
320,7.193775949,6.30E-13
1638,7.185735552,6.68E-13
2100,7.176166511,7.17E-13
2093,7.157683587,8.21E-13
3082,-7.151379857,8.59E-13
2628,7.143341163,9.11E-13
211,-7.137492792,9.50E-13
1613,-7.137492792,9.50E-13
3285,-7.137492792,9.50E-13
1939,7.120800287,1.07E-12
479,7.104408321,1.21E-12
2830,7.086021494,1.38E-12
439,7.078754044,1.45E-12
3116,7.075377795,1.49E-12
2031,7.066973128,1.58E-12
1612,-7.066585104,1.59E-12
717,-7.05704135,1.70E-12
1502,-7.05244976,1.76E-12
2827,7.03460705,2.00E-12
236,7.017841481,2.25E-12
2954,7.013694805,2.32E-12
3299,6.999415249,2.57E-12
424,6.991655922,2.72E-12
1585,6.989818222,2.75E-12
1872,6.983271779,2.88E-12
1326,6.973276551,3.10E-12
779,6.966742613,3.24E-12
134,6.964359222,3.30E-12
1444,6.954721112,3.53E-12
741,6.954087723,3.55E-12
1232,6.951911105,3.60E-12
26,-6.945293066,3.78E-12
79,6.937342677,4.00E-12
3538,6.927127044,4.29E-12
3033,6.916514961,4.63E-12
1036,6.91121782,4.81E-12
1439,6.899329866,5.22E-12
2052,6.896079227,5.35E-12
422,6.896079227,5.35E-12
795,6.878485587,6.05E-12
299,6.873481789,6.27E-12
1172,6.873481789,6.27E-12
282,6.870241885,6.41E-12
3668,-6.861419605,6.82E-12
1679,6.860466114,6.86E-12
2979,6.860466114,6.86E-12
1518,6.855125227,7.13E-12
405,6.852615793,7.25E-12
1219,6.846034791,7.59E-12
772,6.845621295,7.61E-12
3666,-6.839269788,7.96E-12
374,6.836737034,8.10E-12
1645,6.832348269,8.35E-12
163,6.823787124,8.87E-12
3703,6.807584846,9.93E-12
3199,6.803817087,1.02E-11
1782,6.80104478,1.04E-11
472,6.786966917,1.15E-11
2300,6.782295341,1.18E-11
3114,6.782295341,1.18E-11
2106,6.78005824,1.20E-11
3079,-6.779647698,1.20E-11
2054,6.778830523,1.21E-11
3111,6.778830523,1.21E-11
3389,6.776803354,1.23E-11
460,6.772023175,1.27E-11
1983,6.765909387,1.32E-11
646,6.76168318,1.36E-11
356,6.760441614,1.38E-11
3508,6.746843841,1.51E-11
2624,6.746445192,1.52E-11
3273,6.744356617,1.54E-11
2094,6.742771397,1.55E-11
1460,6.742740545,1.55E-11
2464,-6.737870006,1.61E-11
3630,6.735004838,1.64E-11
42,6.733317763,1.66E-11
1528,-6.732293417,1.67E-11
729,6.732121791,1.67E-11
1838,6.725331094,1.75E-11
3683,-6.724807296,1.76E-11
837,6.722161262,1.79E-11
979,6.713534128,1.90E-11
2507,6.71102267,1.93E-11
768,6.709526902,1.95E-11
3201,6.708159839,1.97E-11
136,6.69428352,2.17E-11
2530,6.691064327,2.22E-11
1291,6.690648301,2.22E-11
2290,6.688739308,2.25E-11
283,6.684251002,2.32E-11
213,6.678164146,2.42E-11
3267,6.671092677,2.54E-11
831,6.669786423,2.56E-11
466,6.668588907,2.58E-11
1224,6.659166525,2.75E-11
1094,6.659160193,2.75E-11
1189,6.657912018,2.78E-11
90,6.652607848,2.88E-11
171,6.652607848,2.88E-11
304,6.652607848,2.88E-11
343,6.652607848,2.88E-11
421,6.652607848,2.88E-11
2005,6.652607848,2.88E-11
239,6.64926989,2.95E-11
3019,6.642756437,3.08E-11
257,6.642611971,3.08E-11
1452,6.642611971,3.08E-11
1575,6.633817432,3.27E-11
770,6.623877324,3.50E-11
9,6.622731096,3.53E-11
846,-6.617787741,3.65E-11
2969,6.61364346,3.75E-11
1557,6.612080688,3.79E-11
3164,6.606766111,3.93E-11
635,6.605545005,3.96E-11
3333,6.605545005,3.96E-11
203,6.605012368,3.97E-11
3645,6.599452649,4.13E-11
1214,6.584901134,4.55E-11
1946,6.583030123,4.61E-11
3239,6.577900932,4.77E-11
319,6.57202395,4.96E-11
2388,6.564452356,5.22E-11
553,6.564159679,5.23E-11
1073,6.561211464,5.34E-11
385,-6.546138734,5.90E-11
1644,6.545793696,5.92E-11
2901,6.536783127,6.29E-11
1169,6.536617986,6.29E-11
3194,6.536469061,6.30E-11
2528,6.536469061,6.30E-11
3181,6.536386243,6.30E-11
1225,6.53178189,6.50E-11
38,6.529736736,6.59E-11
327,6.522440477,6.92E-11
2548,6.513944048,7.32E-11
1445,6.510120797,7.51E-11
1339,6.506680461,7.68E-11
380,6.506667668,7.68E-11
2420,6.492164587,8.46E-11
710,6.4918197,8.48E-11
2956,6.487412002,8.73E-11
1372,6.483576614,8.96E-11
1483,6.478695039,9.25E-11
292,6.476708079,9.37E-11
241,6.469675426,9.82E-11
857,6.459540015,1.05E-10
1446,6.453531712,1.09E-10
1456,6.441790267,1.18E-10
1944,6.438963239,1.20E-10
848,6.436881864,1.22E-10
1353,6.432716575,1.25E-10
2032,6.422063608,1.34E-10
1709,6.421203137,1.35E-10
2723,-6.415771223,1.40E-10
1221,6.414915839,1.41E-10
15,6.412420208,1.43E-10
1591,6.411762976,1.44E-10
3700,6.411762976,1.44E-10
1513,6.409224544,1.46E-10
3311,6.399051192,1.56E-10
730,6.39777324,1.58E-10
28,6.394923416,1.61E-10
705,6.384406946,1.72E-10
1282,6.379857492,1.77E-10
513,6.371512337,1.87E-10
3347,6.370498476,1.88E-10
537,6.36121138,2.00E-10
2939,6.360344906,2.01E-10
2630,6.358702265,2.03E-10
1111,6.356363945,2.07E-10
2444,6.355008257,2.08E-10
2585,6.354564954,2.09E-10
157,6.354536334,2.09E-10
1930,6.351288827,2.14E-10
467,6.348671095,2.17E-10
478,6.341889049,2.27E-10
1492,6.341373828,2.28E-10
997,6.340000229,2.30E-10
2617,6.330812984,2.44E-10
406,6.328779457,2.47E-10
76,-6.327933948,2.48E-10
3018,6.326963982,2.50E-10
1550,6.325226448,2.53E-10
1556,6.322515182,2.57E-10
238,6.321011652,2.60E-10
1488,6.318798546,2.64E-10
1054,6.313552706,2.73E-10
1576,6.311488038,2.76E-10
1171,6.299815414,2.98E-10
3159,-6.293559582,3.10E-10
489,-6.293007007,3.11E-10
3286,6.288122592,3.21E-10
2112,6.278410493,3.42E-10
1506,6.276861259,3.45E-10
2204,6.276861259,3.45E-10
1578,6.27369015,3.53E-10
3476,6.273518029,3.53E-10
1785,6.273130425,3.54E-10
1299,6.272046347,3.56E-10
411,6.271879933,3.57E-10
1870,-6.270502073,3.60E-10
1345,6.267901912,3.66E-10
3169,6.265652419,3.71E-10
6,6.263088276,3.77E-10
165,6.248870962,4.13E-10
3463,6.242238507,4.31E-10
1563,6.24169747,4.33E-10
1340,-6.241046538,4.35E-10
442,6.240811195,4.35E-10
50,6.236065065,4.49E-10
394,6.235184696,4.51E-10
1780,6.233874502,4.55E-10
360,6.231667626,4.61E-10
1954,6.230770489,4.64E-10
49,6.229276201,4.69E-10
153,6.229070102,4.69E-10
728,6.221110731,4.94E-10
303,6.216264435,5.09E-10
1402,6.208686998,5.34E-10
1023,6.203034752,5.54E-10
1022,6.199450245,5.67E-10
2855,6.197498243,5.74E-10
3232,6.195623699,5.81E-10
1734,6.195409123,5.81E-10
493,6.191391173,5.96E-10
370,6.190833454,5.98E-10
3741,6.186481483,6.15E-10
149,6.182196541,6.32E-10
2416,6.178024707,6.49E-10
47,6.173708296,6.67E-10
3659,6.169487457,6.85E-10
3122,6.162092562,7.18E-10
3569,6.162092562,7.18E-10
1429,6.159541961,7.30E-10
3235,6.158883261,7.33E-10
3329,6.147547917,7.87E-10
3192,-6.137250955,8.40E-10
1063,6.1309771,8.73E-10
1590,6.127750002,8.91E-10
3078,6.125070805,9.06E-10
1067,-6.124517742,9.10E-10
877,6.106232856,1.02E-09
775,6.100809616,1.06E-09
1985,6.092987784,1.11E-09
1078,-6.088569689,1.14E-09
3021,6.082354457,1.18E-09
3125,6.073785377,1.25E-09
3435,6.072405134,1.26E-09
446,6.070397308,1.28E-09
1937,6.067649491,1.30E-09
1197,6.061108995,1.35E-09
1792,6.058780906,1.37E-09
2287,6.052736583,1.42E-09
448,6.048646056,1.46E-09
496,6.048646056,1.46E-09
155,6.034267974,1.60E-09
416,6.032456409,1.61E-09
1677,-6.031997573,1.62E-09
626,6.029895454,1.64E-09
1748,6.022049345,1.72E-09
2411,6.01825176,1.76E-09
1520,6.009662782,1.86E-09
2523,-6.001004358,1.96E-09
2850,5.995951254,2.02E-09
37,5.99190833,2.07E-09
1706,5.989435115,2.11E-09
2103,5.987252024,2.13E-09
2282,5.986177799,2.15E-09
1161,5.98482832,2.17E-09
714,5.982905424,2.19E-09
1113,-5.982360991,2.20E-09
800,5.979826776,2.23E-09
629,5.976052467,2.29E-09
1526,5.961531071,2.50E-09
1589,5.960747909,2.51E-09
1227,5.959371883,2.53E-09
196,-5.959325327,2.53E-09
1604,-5.958971827,2.54E-09
1829,5.952221077,2.65E-09
3567,5.952145362,2.65E-09
2141,5.950989836,2.67E-09
2730,5.949338925,2.69E-09
1449,5.949151475,2.70E-09
1554,5.946229272,2.74E-09
64,5.945213385,2.76E-09
2821,5.938704642,2.87E-09
217,5.920291884,3.21E-09
542,5.919112952,3.24E-09
2848,5.916321368,3.29E-09
2280,5.905552176,3.51E-09
398,5.905406023,3.52E-09
1218,5.90413893,3.54E-09
391,5.903842393,3.55E-09
1367,5.903371452,3.56E-09
1503,5.901860823,3.59E-09
1328,5.898607858,3.67E-09
704,5.894769077,3.75E-09
538,5.889711257,3.87E-09
680,5.885753277,3.96E-09
3272,5.882398115,4.04E-09
1707,5.879603176,4.11E-09
13,5.879506005,4.11E-09
245,5.874135218,4.25E-09
3698,5.871245219,4.33E-09
1121,5.869578869,4.37E-09
990,5.861158353,4.60E-09
2183,5.859954543,4.63E-09
3070,5.858019596,4.68E-09
1571,5.856669336,4.72E-09
1641,5.855608171,4.75E-09
1434,5.852671039,4.84E-09
2299,-5.849501509,4.93E-09
1222,5.846555024,5.02E-09
1457,5.845195078,5.06E-09
3593,5.84485935,5.07E-09
2701,-5.844021173,5.10E-09
777,5.840453459,5.21E-09
3028,5.834294912,5.40E-09
2176,5.831486997,5.49E-09
3699,5.829991885,5.54E-09
1369,5.828002984,5.61E-09
3062,5.826596171,5.66E-09
70,5.824462633,5.73E-09
39,5.818889741,5.92E-09
665,5.815293985,6.05E-09
14,5.804747317,6.45E-09
1287,-5.801731305,6.56E-09
409,5.798506425,6.69E-09
413,5.798138017,6.71E-09
732,5.797418664,6.73E-09
713,5.796548371,6.77E-09
921,5.794343475,6.86E-09
3112,5.791889138,6.96E-09
3284,5.791889138,6.96E-09
1068,5.789629634,7.05E-09
3386,5.789556357,7.06E-09
3377,5.789469031,7.06E-09
2963,5.789228914,7.07E-09
2505,5.787334421,7.15E-09
719,5.78472334,7.26E-09
470,5.780022587,7.47E-09
2407,5.77768098,7.57E-09
3072,5.776743665,7.62E-09
481,5.772946131,7.79E-09
81,5.768113202,8.02E-09
1015,5.767885855,8.03E-09
1021,-5.767798985,8.03E-09
397,5.758028205,8.51E-09
250,5.757497443,8.54E-09
465,5.75218027,8.81E-09
769,5.746878638,9.09E-09
572,5.745970929,9.14E-09
3633,5.743863346,9.25E-09
1515,5.738191856,9.57E-09
943,-5.735002683,9.75E-09
1998,5.734541181,9.78E-09
2714,5.732425852,9.90E-09
2198,5.730332095,1.00E-08
3613,5.727444684,1.02E-08
515,5.72485617,1.04E-08
2520,5.723372085,1.04E-08
3436,5.722923309,1.05E-08
3213,5.722550541,1.05E-08
663,5.719807749,1.07E-08
743,5.718890766,1.07E-08
296,5.709496609,1.13E-08
828,5.7074069,1.15E-08
53,5.6988177,1.21E-08
1952,5.6988177,1.21E-08
2837,5.6988177,1.21E-08
1600,5.676302558,1.38E-08
252,5.675292489,1.38E-08
3168,5.663746817,1.48E-08
2853,5.660534154,1.51E-08
2327,5.656529645,1.54E-08
135,5.650367571,1.60E-08
318,5.648936748,1.61E-08
483,5.641921053,1.68E-08
2957,5.634433896,1.76E-08
3058,5.634073276,1.76E-08
677,5.63406468,1.76E-08
2822,5.628360527,1.82E-08
2036,5.62561052,1.85E-08
3525,5.624466562,1.86E-08
1646,5.623190633,1.87E-08
630,5.622543343,1.88E-08
3324,5.614483952,1.97E-08
2658,5.613424675,1.98E-08
1230,5.608177432,2.04E-08
3024,5.607348665,2.05E-08
2907,5.599532485,2.15E-08
381,5.598687056,2.16E-08
251,5.597181413,2.18E-08
2041,-5.590814151,2.26E-08
2854,5.586974487,2.31E-08
3635,5.586974487,2.31E-08
3638,5.584878742,2.34E-08
3233,5.58380511,2.35E-08
1041,5.582133609,2.38E-08
46,5.574927679,2.48E-08
805,5.5686353,2.57E-08
423,5.554956131,2.78E-08
404,5.550458356,2.85E-08
706,5.549542803,2.86E-08
393,5.544441802,2.95E-08
2179,5.543912968,2.96E-08
1830,5.537582906,3.07E-08
803,5.537360001,3.07E-08
995,5.53372953,3.13E-08
796,5.531819082,3.17E-08
1953,5.530471773,3.19E-08
999,-5.526815627,3.26E-08
443,5.525891094,3.28E-08
1352,5.523974361,3.31E-08
978,-5.523004836,3.33E-08
3327,5.522691955,3.34E-08
1123,5.521148921,3.37E-08
66,5.518349206,3.42E-08
3120,5.518054084,3.43E-08
2368,5.509779299,3.59E-08
858,-5.50768611,3.64E-08
2202,5.506519165,3.66E-08
2470,5.503323068,3.73E-08
2824,5.496728346,3.87E-08
810,5.494609852,3.92E-08
1103,5.490574675,4.01E-08
375,5.487305929,4.08E-08
410,5.484928572,4.14E-08
3184,5.482202343,4.20E-08
2995,5.480404055,4.24E-08
210,5.477994847,4.30E-08
2844,5.477994847,4.30E-08
3383,-5.476916544,4.33E-08
2696,5.472952581,4.43E-08
2039,5.471190194,4.47E-08
3529,5.46956178,4.51E-08
2825,5.468978215,4.53E-08
1956,5.464360322,4.65E-08
2,-5.463923602,4.66E-08
444,5.456832612,4.85E-08
3421,5.453959765,4.93E-08
3118,5.453733328,4.93E-08
3193,5.445154023,5.18E-08
2331,5.441890907,5.27E-08
1674,5.441515294,5.28E-08
1995,5.440666778,5.31E-08
844,5.440196355,5.32E-08
396,5.435936229,5.45E-08
2391,5.433648817,5.52E-08
539,5.429517734,5.65E-08
1940,5.428583063,5.68E-08
651,-5.428241118,5.69E-08
2627,5.425928142,5.77E-08
1327,5.424501261,5.81E-08
3205,5.422102676,5.89E-08
40,5.42187874,5.90E-08
1153,-5.420946515,5.93E-08
1553,5.416630293,6.07E-08
1997,5.415930575,6.10E-08
3664,5.408956715,6.34E-08
384,5.4087276,6.35E-08
1283,5.401289971,6.62E-08
625,5.394932812,6.85E-08
295,5.38874992,7.09E-08
2038,5.386775306,7.17E-08
3053,5.383793952,7.29E-08
536,5.37662487,7.59E-08
520,5.37298308,7.74E-08
1732,5.372467197,7.77E-08
75,5.371758739,7.80E-08
438,5.371758578,7.80E-08
1097,5.371430498,7.81E-08
499,5.368892877,7.92E-08
2050,5.368892877,7.92E-08
2709,5.368892877,7.92E-08
1190,5.368672682,7.93E-08
2206,5.364423598,8.12E-08
859,-5.363517339,8.16E-08
3189,5.36215203,8.22E-08
461,5.35690675,8.47E-08
725,5.354387201,8.58E-08
1955,5.353694198,8.62E-08
1990,5.347703072,8.91E-08
1523,5.343500169,9.12E-08
1170,-5.34324435,9.13E-08
1555,5.34297388,9.14E-08
841,5.339831874,9.30E-08
2999,5.337721834,9.41E-08
1640,5.337535522,9.42E-08
1943,5.336130881,9.50E-08
1401,5.332951431,9.66E-08
2355,-5.325121988,1.01E-07
3081,5.32490242,1.01E-07
2324,5.3195526,1.04E-07
3271,5.319366997,1.04E-07
1039,5.309515221,1.10E-07
789,5.306491607,1.12E-07
244,5.303003753,1.14E-07
2326,5.30284823,1.14E-07
441,5.302838674,1.14E-07
1087,-5.30031745,1.16E-07
2666,5.296297591,1.18E-07
2698,5.29425109,1.20E-07
3123,5.29245409,1.21E-07
141,5.286675804,1.25E-07
56,5.282595448,1.27E-07
78,5.282595448,1.27E-07
2113,5.274978553,1.33E-07
1057,5.272783928,1.34E-07
1984,5.272242063,1.35E-07
1947,5.269948818,1.36E-07
1749,5.269293304,1.37E-07
703,5.266602037,1.39E-07
2644,5.263025312,1.42E-07
2841,5.260241149,1.44E-07
3216,5.260185539,1.44E-07
2992,5.251733507,1.51E-07
2101,5.249537022,1.52E-07
1710,5.245619458,1.56E-07
3098,5.24325087,1.58E-07
794,5.242467356,1.58E-07
2975,5.23506636,1.65E-07
1319,-5.230821296,1.69E-07
482,5.226487646,1.73E-07
3165,5.212343093,1.86E-07
2587,5.212248631,1.87E-07
1336,5.20543793,1.94E-07
1081,5.203304,1.96E-07
2862,5.201666377,1.98E-07
87,5.198482503,2.01E-07
1106,5.198482503,2.01E-07
1657,5.198482503,2.01E-07
2169,5.198482503,2.01E-07
2838,5.198482503,2.01E-07
3032,5.18871088,2.12E-07
2201,5.188286136,2.12E-07
82,5.184522677,2.17E-07
1168,-5.183322535,2.18E-07
3000,5.180542815,2.21E-07
1014,5.179598965,2.22E-07
712,5.179482451,2.23E-07
1495,5.171433584,2.32E-07
2158,-5.167016376,2.38E-07
664,5.166074958,2.39E-07
827,5.165669855,2.40E-07
3591,5.162048927,2.44E-07
2660,5.156558559,2.52E-07
1433,5.155959444,2.52E-07
528,5.152302734,2.57E-07
1724,5.148441799,2.63E-07
3348,5.148441799,2.63E-07
1346,5.14544587,2.67E-07
2989,5.144500217,2.68E-07
3163,5.14223588,2.71E-07
209,5.138432993,2.77E-07
302,5.138432993,2.77E-07
2909,5.125817674,2.96E-07
1157,5.125573533,2.97E-07
1,-5.123530027,3.00E-07
1426,-5.123530027,3.00E-07
1455,-5.123530027,3.00E-07
418,5.122578105,3.01E-07
462,5.117105658,3.10E-07
3331,5.116920644,3.11E-07
1188,5.116016396,3.12E-07
147,-5.11550264,3.13E-07
142,5.113435136,3.16E-07
1595,5.109827056,3.22E-07
564,-5.109278444,3.23E-07
1525,5.107667286,3.26E-07
879,5.107230591,3.27E-07
2321,5.106240287,3.29E-07
2318,5.104657481,3.31E-07
2001,5.10453115,3.32E-07
3351,5.10453115,3.32E-07
550,5.102898717,3.34E-07
2851,5.102223063,3.36E-07
807,5.097952699,3.43E-07
1275,5.097952699,3.43E-07
2620,5.096248029,3.46E-07
3313,5.092152864,3.54E-07
516,5.090974084,3.56E-07
1708,5.089090897,3.60E-07
1228,5.088840737,3.60E-07
696,5.082545366,3.72E-07
1723,5.082545366,3.72E-07
1839,5.082545366,3.72E-07
2053,5.082545366,3.72E-07
2294,5.082545366,3.72E-07
2422,5.082545366,3.72E-07
2717,5.082545366,3.72E-07
164,5.082190307,3.73E-07
2712,5.081875185,3.74E-07
208,5.077883016,3.82E-07
3153,5.077314439,3.83E-07
1668,5.076241924,3.85E-07
2993,5.073482649,3.91E-07
551,5.069694166,3.98E-07
1486,5.067165878,4.04E-07
3434,5.06701814,4.04E-07
215,5.064492207,4.09E-07
2410,5.058424727,4.23E-07
3005,-5.055184551,4.30E-07
469,5.051589809,4.38E-07
3442,5.0486164,4.45E-07
1648,5.047449691,4.48E-07
2550,5.044464624,4.55E-07
2448,-5.037675592,4.71E-07
850,-5.032154385,4.85E-07
2519,5.025177526,5.03E-07
773,5.024524823,5.05E-07
2898,5.02416588,5.06E-07
3115,5.022110923,5.11E-07
44,5.022070595,5.11E-07
456,5.019886796,5.17E-07
1355,5.019886796,5.17E-07
1583,5.019886796,5.17E-07
2424,5.019886796,5.17E-07
1795,5.017791154,5.23E-07
3234,5.014269524,5.32E-07
1658,5.013424871,5.35E-07
1324,5.012837495,5.36E-07
2946,5.012606976,5.37E-07
3429,5.010335091,5.43E-07
29,5.004377852,5.60E-07
1534,5.001945434,5.68E-07
1835,5.001945434,5.68E-07
3106,4.998866058,5.77E-07
1653,4.996968068,5.82E-07
2466,4.996542013,5.84E-07
2840,4.9948584,5.89E-07
2890,-4.991944916,5.98E-07
233,4.989967248,6.04E-07
1647,4.988296845,6.09E-07
1789,4.986606456,6.14E-07
1026,4.984077036,6.23E-07
3071,4.983322095,6.25E-07
1485,4.98288048,6.26E-07
2978,4.977639347,6.44E-07
2440,4.971931295,6.63E-07
544,4.97191939,6.63E-07
3057,4.971075078,6.66E-07
840,-4.967685044,6.78E-07
3162,4.966433231,6.82E-07
1729,4.963467439,6.92E-07
2033,4.963336067,6.93E-07
3592,4.961218856,7.01E-07
2943,4.960132476,7.04E-07
2914,4.957425626,7.14E-07
623,4.955314856,7.22E-07
678,4.952135497,7.34E-07
1775,4.945588222,7.59E-07
1988,4.941007212,7.77E-07
2293,4.940012078,7.81E-07
642,4.936153297,7.97E-07
885,4.931982054,8.14E-07
1253,-4.929085923,8.26E-07
216,4.928632399,8.28E-07
3558,-4.927229328,8.34E-07
864,4.92669649,8.36E-07
3280,-4.923743711,8.49E-07
733,-4.922201739,8.56E-07
1128,-4.922201739,8.56E-07
3365,-4.920869421,8.62E-07
1271,-4.920770748,8.62E-07
521,4.909005656,9.15E-07
888,4.907228969,9.24E-07
567,4.904857979,9.35E-07
522,4.902866643,9.44E-07
771,4.897709196,9.70E-07
2637,-4.8961557,9.77E-07
255,4.893716826,9.89E-07
2159,4.891192446,1.00E-06
1656,4.883466479,1.04E-06
782,4.880201468,1.06E-06
809,4.880201468,1.06E-06
1298,4.880201468,1.06E-06
3175,4.880201468,1.06E-06
3303,4.880032449,1.06E-06
1643,4.876640115,1.08E-06
3677,4.871263578,1.11E-06
838,4.870338725,1.11E-06
1517,4.864121916,1.15E-06
72,4.858121538,1.19E-06
691,4.855888579,1.20E-06
2421,4.855888579,1.20E-06
1297,4.855328392,1.20E-06
1012,4.855311295,1.20E-06
1579,-4.854014173,1.21E-06
1836,-4.854014173,1.21E-06
417,4.854003216,1.21E-06
2970,4.85118013,1.23E-06
1459,4.850984382,1.23E-06
3080,4.846674868,1.26E-06
1268,4.846054184,1.26E-06
73,4.844782493,1.27E-06
378,4.841536563,1.29E-06
3212,4.835089353,1.33E-06
2950,4.832885975,1.35E-06
2350,4.831020963,1.36E-06
3238,4.828792902,1.37E-06
2460,-4.827653075,1.38E-06
162,4.825611464,1.40E-06
3025,4.823074898,1.41E-06
146,4.822717916,1.42E-06
1522,4.82062988,1.43E-06
3391,4.819045572,1.44E-06
1399,4.817467923,1.45E-06
281,4.812050343,1.49E-06
701,4.811683455,1.50E-06
218,4.809901749,1.51E-06
3187,4.80914878,1.52E-06
2522,4.807549142,1.53E-06
392,4.804017371,1.56E-06
2663,4.80030263,1.58E-06
395,4.797611774,1.61E-06
1129,-4.796275142,1.62E-06
1005,-4.79618142,1.62E-06
1730,4.793542106,1.64E-06
2647,4.79120371,1.66E-06
2916,4.78907653,1.68E-06
235,4.789067035,1.68E-06
1313,4.78751075,1.69E-06
1596,4.780751794,1.75E-06
1200,4.765404216,1.88E-06
508,-4.764749537,1.89E-06
2656,4.762432492,1.91E-06
2856,4.759395125,1.94E-06
711,4.757209375,1.96E-06
3157,4.756175455,1.97E-06
3197,4.756021616,1.97E-06
51,4.755869066,1.98E-06
3328,4.75464162,1.99E-06
3590,4.753603145,2.00E-06
1216,4.749955855,2.03E-06
2719,-4.747481118,2.06E-06
1365,4.746738283,2.07E-06
3640,4.7458525,2.08E-06
1623,4.743757898,2.10E-06
321,4.74215662,2.11E-06
1357,4.736991675,2.17E-06
506,4.735903078,2.18E-06
420,4.735316536,2.19E-06
151,4.728728801,2.26E-06
399,4.728728801,2.26E-06
154,4.728236004,2.26E-06
1085,-4.726589355,2.28E-06
2664,4.722562542,2.33E-06
1655,4.71935906,2.37E-06
2861,4.719288715,2.37E-06
358,4.71627369,2.40E-06
2955,4.711007068,2.46E-06
690,4.709190267,2.49E-06
437,4.706802343,2.52E-06
1310,4.706394038,2.52E-06
2722,4.704810628,2.54E-06
3200,4.702438608,2.57E-06
662,4.701192206,2.59E-06
774,4.699933876,2.60E-06
1203,4.689261466,2.74E-06
734,4.688388523,2.75E-06
2661,4.681364409,2.85E-06
693,4.680636019,2.86E-06
1030,4.680636019,2.86E-06
501,4.680636019,2.86E-06
1720,4.680636019,2.86E-06
2051,4.680636019,2.86E-06
2292,4.680636019,2.86E-06
2529,4.680636019,2.86E-06
3637,4.680636019,2.86E-06
3676,4.680636019,2.86E-06
808,4.677226214,2.91E-06
694,4.672254994,2.98E-06
1391,-4.671688149,2.99E-06
3657,4.665896421,3.07E-06
1796,4.664932298,3.09E-06
1926,4.662411083,3.13E-06
317,4.654744632,3.24E-06
3678,4.653654339,3.26E-06
2729,4.65257475,3.28E-06
173,4.646836525,3.37E-06
150,4.644984037,3.40E-06
3379,-4.643778848,3.42E-06
369,4.643086583,3.43E-06
788,4.642650776,3.44E-06
2383,4.640674854,3.47E-06
1793,4.638632691,3.51E-06
2843,4.638603336,3.51E-06
3428,4.636996548,3.54E-06
202,4.636736824,3.54E-06
2359,4.632425535,3.61E-06
1126,4.631540799,3.63E-06
2279,4.627352786,3.70E-06
43,4.626955456,3.71E-06
2629,4.625260428,3.74E-06
1349,4.614328193,3.94E-06
402,4.613417476,3.96E-06
170,4.612813247,3.97E-06
258,4.612813247,3.97E-06
2716,4.612005681,3.99E-06
1482,4.606760922,4.09E-06
700,4.604663577,4.13E-06
3704,4.601246082,4.20E-06
3656,4.600345454,4.22E-06
1307,4.600239572,4.22E-06
908,4.598281911,4.26E-06
3464,4.591414996,4.40E-06
3030,-4.586314956,4.51E-06
1279,4.585060557,4.54E-06
2911,4.583625664,4.57E-06
2908,4.581170539,4.62E-06
4,4.580845238,4.63E-06
34,4.580652702,4.64E-06
1790,4.576210375,4.73E-06
1107,-4.573095604,4.81E-06
3537,-4.572715658,4.81E-06
3295,4.570669261,4.86E-06
190,4.56879027,4.91E-06
2618,-4.568079834,4.92E-06
1114,4.566675942,4.96E-06
69,4.566345962,4.96E-06
1088,4.566345962,4.96E-06
1337,-4.565050396,4.99E-06
2962,4.559594505,5.13E-06
549,4.55718131,5.18E-06
3003,4.553718675,5.27E-06
836,4.549919131,5.37E-06
59,4.54932843,5.38E-06
1160,4.543061911,5.54E-06
3541,-4.541151117,5.59E-06
546,4.54007763,5.62E-06
3179,4.539262475,5.65E-06
301,4.538423011,5.67E-06
477,4.538423011,5.67E-06
1403,4.538423011,5.67E-06
806,4.538423011,5.67E-06
212,4.535897878,5.74E-06
628,4.529982738,5.90E-06
2842,4.529982738,5.90E-06
3027,4.523436058,6.08E-06
1053,4.52137062,6.14E-06
291,4.519621326,6.20E-06
2823,4.507698422,6.55E-06
3026,4.505853546,6.61E-06
2917,-4.505362445,6.63E-06
2964,-4.496273774,6.92E-06
133,4.492832113,7.03E-06
2404,4.489793642,7.13E-06
3017,4.483196852,7.35E-06
524,4.481290809,7.42E-06
326,4.47812733,7.53E-06
1265,4.477792801,7.54E-06
290,4.477740323,7.54E-06
697,4.476607205,7.58E-06
778,4.476607205,7.58E-06
1273,4.476607205,7.58E-06
1538,4.476607205,7.58E-06
2423,4.476607205,7.58E-06
2718,4.476607205,7.58E-06
3170,4.476607205,7.58E-06
3215,4.474782614,7.65E-06
357,4.47258466,7.73E-06
1332,4.467556079,7.91E-06
3151,4.464633255,8.02E-06
436,4.463419221,8.07E-06
1231,4.462448687,8.10E-06
2625,4.461670639,8.13E-06
3647,4.459404332,8.22E-06
144,4.458450973,8.26E-06
2332,4.45286529,8.47E-06
767,4.449258555,8.62E-06
1427,4.439881651,9.00E-06
790,4.439092467,9.03E-06
325,4.436760522,9.13E-06
640,4.434409062,9.23E-06
1091,-4.433844124,9.26E-06
2270,4.430691556,9.39E-06
3587,4.430255055,9.41E-06
505,4.427339799,9.54E-06
2043,4.425583832,9.62E-06
1278,4.422209555,9.77E-06
199,4.422134315,9.77E-06
160,4.414480971,1.01E-05
3660,-4.407571482,1.05E-05
1791,4.407138596,1.05E-05
2951,4.405540223,1.06E-05
787,4.402712137,1.07E-05
2102,4.400675347,1.08E-05
1989,4.398453316,1.09E-05
300,4.398042971,1.09E-05
2384,4.397981483,1.09E-05
2648,4.392671456,1.12E-05
243,4.387666043,1.15E-05
494,4.387666043,1.15E-05
627,4.378979289,1.19E-05
1740,4.378012196,1.20E-05
390,4.372571318,1.23E-05
3332,4.370755469,1.24E-05
1158,-4.369517852,1.25E-05
35,4.363544594,1.28E-05
2847,4.361111642,1.29E-05
71,-4.359930397,1.30E-05
1675,-4.358949587,1.31E-05
458,4.358560575,1.31E-05
2412,4.356009232,1.32E-05
3610,4.353584653,1.34E-05
1438,4.351808826,1.35E-05
2526,4.349677673,1.36E-05
3417,4.34672323,1.38E-05
676,4.343084769,1.40E-05
944,4.338408867,1.44E-05
2325,4.337423253,1.44E-05
286,4.33675887,1.45E-05
457,4.333067522,1.47E-05
480,4.332864241,1.47E-05
231,4.332826106,1.47E-05
449,4.329226367,1.50E-05
863,4.328193824,1.50E-05
716,4.32760296,1.51E-05
2506,-4.32223064,1.54E-05
1842,-4.321383719,1.55E-05
80,4.318703571,1.57E-05
2385,4.318703571,1.57E-05
1351,4.316627692,1.58E-05
3066,4.315218046,1.59E-05
1440,4.312395969,1.61E-05
2178,4.30531287,1.67E-05
2504,4.304808999,1.67E-05
1029,-4.303946434,1.68E-05
2835,4.30392047,1.68E-05
3611,4.303435293,1.68E-05
2635,4.303193773,1.68E-05
24,4.30273603,1.69E-05
2330,4.29344244,1.76E-05
1774,4.291660662,1.77E-05
2707,-4.29053811,1.78E-05
2960,4.288697578,1.80E-05
1481,-4.286472375,1.82E-05
1362,4.282546417,1.85E-05
3432,4.27471494,1.91E-05
624,4.271754002,1.94E-05
1373,4.266064814,1.99E-05
2109,-4.263359386,2.01E-05
2910,4.259367087,2.05E-05
1375,4.257662882,2.07E-05
1364,4.256352942,2.08E-05
2653,-4.255964189,2.08E-05
2833,4.254435819,2.10E-05
1294,4.25319665,2.11E-05
1267,4.250759262,2.13E-05
2095,4.237716938,2.26E-05
1272,4.236836035,2.27E-05
1396,4.234913256,2.29E-05
556,4.233290729,2.30E-05
3749,-4.229206198,2.35E-05
246,4.225285938,2.39E-05
3390,4.222645008,2.41E-05
1821,-4.221475247,2.43E-05
2994,4.212043861,2.53E-05
3099,4.207548547,2.58E-05
3108,-4.206423813,2.59E-05
2264,4.200822841,2.66E-05
1051,4.200564753,2.66E-05
866,4.19421268,2.74E-05
3642,4.188152483,2.81E-05
3307,4.184901473,2.85E-05
799,4.184788363,2.85E-05
0,4.178828507,2.93E-05
3051,4.178093256,2.94E-05
3520,4.177143576,2.95E-05
285,4.162277737,3.15E-05
1392,-4.159305766,3.19E-05
3345,4.151747703,3.30E-05
3478,-4.150167022,3.32E-05
985,-4.145725985,3.39E-05
3195,4.14115636,3.46E-05
3680,4.129822358,3.63E-05
3312,4.123350734,3.73E-05
2551,-4.120873791,3.77E-05
2392,4.115698054,3.86E-05
1008,-4.11243052,3.92E-05
341,4.110423825,3.95E-05
2003,4.110423825,3.95E-05
737,4.107377275,4.00E-05
2002,4.105171279,4.04E-05
1521,-4.102681574,4.08E-05
518,4.0919247,4.28E-05
3158,-4.087968067,4.35E-05
2713,4.085073536,4.41E-05
3034,4.082752298,4.45E-05
945,4.079910062,4.51E-05
1501,-4.076195538,4.58E-05
1096,-4.070748932,4.69E-05
2465,4.064071616,4.82E-05
3755,4.06285237,4.85E-05
512,4.060268119,4.90E-05
3648,4.058190168,4.95E-05
1059,-4.052276883,5.07E-05
1306,-4.048646491,5.15E-05
205,-4.048410408,5.16E-05
284,4.047532192,5.18E-05
2108,4.046246955,5.20E-05
1220,4.042852877,5.28E-05
566,4.041355541,5.31E-05
861,4.039395459,5.36E-05
720,4.037225262,5.41E-05
1329,4.035574644,5.45E-05
3672,4.032801533,5.51E-05
2349,4.032801533,5.51E-05
2971,4.031815766,5.53E-05
1504,-4.026405943,5.66E-05
1593,-4.025290078,5.69E-05
1280,4.024124389,5.72E-05
2320,4.018989815,5.84E-05
2174,-4.017939021,5.87E-05
878,-4.01613465,5.92E-05
440,4.011919353,6.02E-05
454,4.006655059,6.16E-05
811,4.006655059,6.16E-05
2362,-4.005704154,6.18E-05
1549,4.003876444,6.23E-05
2406,-4.003815414,6.23E-05
699,-3.98392325,6.78E-05
1540,-3.98392325,6.78E-05
2302,-3.98392325,6.78E-05
3673,-3.98392325,6.78E-05
548,3.982235337,6.83E-05
3361,-3.981620225,6.84E-05
3077,3.980814556,6.87E-05
201,-3.977957453,6.95E-05
1330,3.974341017,7.06E-05
1125,-3.972296375,7.12E-05
1000,-3.971463865,7.14E-05
471,3.969088692,7.21E-05
3462,3.969036913,7.22E-05
2291,-3.967866045,7.25E-05
523,3.967722448,7.26E-05
2173,3.965975551,7.31E-05
1725,3.961741562,7.44E-05
3340,-3.953750905,7.69E-05
975,3.952429384,7.74E-05
1040,3.951935079,7.75E-05
3667,-3.947999429,7.88E-05
1361,-3.946004975,7.95E-05
1996,3.944061473,8.01E-05
2965,-3.943063469,8.04E-05
1436,-3.939053841,8.18E-05
371,-3.93857238,8.20E-05
139,3.936822763,8.26E-05
927,3.932973588,8.39E-05
3422,3.928201344,8.56E-05
389,3.927051159,8.60E-05
2858,3.923096894,8.74E-05
1443,-3.920345551,8.84E-05
1614,-3.913611272,9.09E-05
2891,3.910215407,9.22E-05
3182,-3.902816232,9.51E-05
1061,-3.892469944,9.92E-05
1664,-3.89142954,9.97E-05
631,3.891219518,9.97E-05
1451,-3.885639238,0.000102061
329,-3.885276226,0.000102214
993,3.884531823,0.000102527
401,3.872174449,0.000107869
834,3.868425175,0.000109541
1986,-3.868106674,0.000109684
168,3.867830205,0.000109808
2469,3.86377855,0.000111646
1442,3.863566005,0.000111744
2172,3.862356618,0.000112298
426,3.860822883,0.000113006
723,3.851105014,0.000117586
2271,3.847654186,0.000119254
2905,3.845497632,0.000120308
1519,-3.841869012,0.000122101
1776,-3.84157487,0.000122247
2184,-3.840858674,0.000122605
1185,-3.840756218,0.000122656
1098,3.836880125,0.000124607
2731,3.833023203,0.000126578
3350,-3.829168491,0.000128577
1532,3.82840574,0.000128976
2166,3.827446906,0.000129479
776,3.827446906,0.000129479
568,-3.82328394,0.000131686
3404,3.822242861,0.000132243
555,3.819186327,0.000133893
860,-3.818597525,0.000134213
1175,3.818133568,0.000134465
1820,3.816180623,0.000135533
3662,-3.815002966,0.000136181
2417,-3.810148621,0.000138883
1704,3.80973012,0.000139119
2281,-3.809453207,0.000139274
2720,3.808939179,0.000139564
195,-3.80045613,0.00014443
2633,3.798903104,0.000145338
1368,3.798572646,0.000145532
3029,3.796826217,0.00014656
2358,3.796710388,0.000146629
3632,-3.795956391,0.000147075
3658,-3.793274135,0.000148674
3388,3.79258704,0.000149086
1535,3.788781479,0.000151388
7,-3.788152453,0.000151772
1437,3.786169722,0.000152987
2616,3.783991301,0.000154333
3119,3.778853286,0.000157552
1798,-3.777707011,0.000158279
1565,-3.776998467,0.00015873
1289,3.772263923,0.000161773
1333,3.770410873,0.000162979
1315,3.768949639,0.000163936
856,-3.768587625,0.000164174
1288,3.768148192,0.000164463
1090,-3.767791772,0.000164698
876,3.766634689,0.000165463
1499,-3.766427456,0.0001656
2288,-3.764437466,0.000166924
1726,3.761072538,0.000169186
3527,3.750374767,0.00017657
3401,3.746153686,0.000179567
287,-3.74042821,0.000183707
1316,3.732232358,0.00018979
2354,-3.730705142,0.000190945
3362,-3.730705142,0.000190945
3004,3.729376361,0.000191954
2319,3.725874056,0.00019464
3208,-3.723807875,0.00019624
2387,3.711028331,0.000206419
648,3.710612826,0.000206758
1626,3.708721559,0.000208308
2972,-3.70737181,0.000209421
2182,3.702176815,0.000213758
1338,-3.700526065,0.000215153
1234,3.698976977,0.00021647
3022,3.698651498,0.000216748
152,3.698167186,0.000217162
498,3.696940449,0.000218214
540,3.696824685,0.000218313
1941,3.696078714,0.000218955
543,3.695547591,0.000219413
1498,-3.692209269,0.000222314
989,-3.690560632,0.00022376
12,-3.688397718,0.000225671
2619,3.688131651,0.000225907
193,-3.685247133,0.000228481
2297,3.681466922,0.000231896
1108,-3.680002965,0.000233231
1179,3.675567446,0.000237321
3387,3.673087541,0.000239637
3705,3.672479883,0.000240208
2849,3.671177505,0.000241436
3178,3.668786222,0.000243705
1031,3.665911999,0.000246459
445,3.659659687,0.00025255
1825,3.658630862,0.000253566
1019,3.654804543,0.000257378
1347,3.65118541,0.000261033
634,3.651119951,0.000261099
682,-3.646718527,0.000265611
1070,3.641837009,0.000270699
355,3.641698229,0.000270845
484,-3.638881951,0.000273824
403,3.636792301,0.000276054
910,3.633391093,0.000279721
3297,3.633391093,0.000279721
3437,3.633391093,0.000279721
941,3.63302911,0.000280113
305,-3.630888447,0.000282447
988,-3.625240452,0.000288693
474,3.625154989,0.000288788
2098,3.625154989,0.000288788
2342,3.625154989,0.000288788
1276,3.621834733,0.000292521
1716,3.615105241,0.000300226
36,3.613644959,0.000301922
519,3.606542093,0.000310305
3126,3.605498539,0.000311554
3447,3.605498539,0.000311554
3240,3.604533696,0.000312714
1285,-3.599441072,0.000318902
1105,3.597114382,0.000321767
1721,3.597114382,0.000321767
3418,3.596294602,0.000322782
3150,3.59479043,0.000324653
61,3.590153697,0.000330483
2998,-3.589208963,0.000331683
293,3.586657712,0.000334944
3420,3.584625899,0.000337562
1601,-3.584274556,0.000338016
1356,3.581734037,0.000341321
1095,3.575753643,0.00034922
3431,3.574994092,0.000350236
3522,3.571515981,0.000354921
3402,3.57023314,0.000356664
2525,3.569647288,0.000357462
2940,-3.568455495,0.000359092
3059,3.567128099,0.000360915
1587,3.565536999,0.000363112
2695,-3.564651799,0.00036434
2699,3.560157193,0.000370633
976,3.558603973,0.000372831
288,3.557948976,0.000373762
337,-3.55217853,0.000382056
3385,3.551769461,0.00038265
1044,-3.551567885,0.000382943
1431,3.548583512,0.000387309
865,3.547692911,0.000388621
2360,3.54507191,0.000392506
1045,-3.538997958,0.000401649
1824,-3.529128324,0.000416931
1178,-3.527273568,0.000419863
3596,-3.523217075,0.000426342
1826,3.522437982,0.000427597
3443,3.52152422,0.000429073
1594,3.520194194,0.000431231
459,-3.519817066,0.000431845
2276,3.515336951,0.000439196
1325,3.514663303,0.000440312
1739,3.514417813,0.000440719
2594,-3.507325459,0.000452635
1212,-3.505810017,0.00045522
1317,3.505791668,0.000455251
1435,3.501462915,0.000462711
1323,-3.500674766,0.000464082
2549,3.500296572,0.000464741
242,3.496861964,0.000470765
918,3.496145365,0.000472031
237,-3.495018296,0.000474029
801,3.494784122,0.000474445
2471,3.49442409,0.000475086
1935,3.490669089,0.000481813
3675,3.490145901,0.000482757
2952,3.49012943,0.000482787
1447,3.485854363,0.000490568
2357,3.485505611,0.000491208
1837,3.484293697,0.000493438
2757,3.48359782,0.000494722
386,3.483478276,0.000494943
2339,3.4772868,0.000506516
3430,-3.476575168,0.000507862
3279,3.473200663,0.000514291
57,3.472784131,0.000515089
2836,3.472784131,0.000515089
2834,3.471145032,0.000518244
1286,3.465460868,0.000529324
2636,-3.461543206,0.000537088
1784,3.461088362,0.000537996
52,3.459739574,0.000540698
942,3.459580235,0.000541018
2641,3.459322187,0.000541537
2632,3.45861407,0.000542962
158,3.458319173,0.000543557
1738,-3.457015615,0.000546193
931,3.456548359,0.000547141
1331,3.450773616,0.000558982
1004,3.437490318,0.000587132
3342,-3.435212916,0.000592088
1497,3.429308671,0.000605121
55,3.42712844,0.00061
2980,3.425532404,0.000613596
740,-3.422165109,0.000621246
464,-3.42153029,0.000622698
1745,3.418588272,0.000629469
3543,3.413191304,0.000642069
1074,3.407098758,0.000656574
2645,3.406277866,0.000658551
1678,-3.403828197,0.000664485
1395,3.403417506,0.000665485
1133,3.397201011,0.000680789
2631,3.397128655,0.000680969
854,-3.396538585,0.000682439
2366,-3.387210972,0.000706071
1344,-3.386713557,0.000707352
1064,-3.385358077,0.000710855
1115,-3.383947238,0.000714517
565,-3.37301577,0.000743497
1516,3.370337971,0.00075076
2728,-3.367610869,0.000758225
922,3.363343296,0.000770045
3665,3.363286313,0.000770204
3068,-3.362063544,0.000773623
3031,3.353495345,0.000797978
11,3.351606243,0.000803442
2345,-3.348953224,0.000811175
3155,3.346886487,0.000817247
1676,3.34620457,0.000819259
1009,3.341622785,0.000832902
1011,-3.337791814,0.00084447
1572,-3.330977219,0.000865417
1733,3.330437488,0.000867096
2160,3.33023222,0.000867736
839,3.327786168,0.00087539
200,-3.32752056,0.000876225
2949,3.326094101,0.000880722
463,3.318285996,0.000905717
3101,-3.311401175,0.0009283
974,3.307300169,0.000941999
2323,3.30491018,0.000950068
3602,3.302290804,0.000958986
1453,-3.301170864,0.000962822
1588,3.30088922,0.000963789
973,3.30027136,0.000965914
3008,3.298724281,0.000971253
1065,3.295791706,0.000981448
2711,3.295712234,0.000981725
715,3.291347498,0.000997087
3605,3.286701963,0.001013681
1176,-3.284671001,0.001021015
1293,-3.282322786,0.001029557
3209,3.280196404,0.001037348
1159,3.279593298,0.001039568
1194,-3.272430602,0.00106627
1625,3.272418739,0.001066315
1773,-3.271564719,0.001069541
1671,-3.269583573,0.001077059
1744,3.262663611,0.001103704
1156,-3.251487633,0.001148028
3441,-3.249817856,0.001154789
159,3.244944813,0.001174734
633,3.236337502,0.001210741
1034,-3.23440517,0.001218964
3325,-3.234199806,0.001219841
1672,-3.23414297,0.001220084
1527,-3.230346497,0.001236403
408,3.229272883,0.001241054
2333,-3.228898118,0.001242682
925,3.219526264,0.001284026
1802,3.21942517,0.001284479
2988,3.216857321,0.00129603
792,3.215555122,0.001301925
3304,3.215285535,0.001303148
1607,-3.21319726,0.001312661
2727,3.208564328,0.001333995
3595,-3.20582942,0.001346738
330,3.205387883,0.001348806
84,3.195279657,0.001396954
907,3.194481231,0.001400824
987,-3.193068429,0.001407696
2000,3.186584984,0.001439632
1580,3.18132092,0.001466051
3180,-3.180707502,0.001469159
643,-3.177487862,0.001485569
2657,-3.173637727,0.001505415
1229,3.17305504,0.001508439
2649,3.171725136,0.001515364
447,3.170266092,0.001522994
1112,-3.169883477,0.001525001
476,3.160596252,0.001574466
3056,-3.159694326,0.001579347
2596,-3.158605127,0.001585261
686,3.158354329,0.001586626
1722,3.153146037,0.00161521
3188,-3.147589287,0.001646228
1539,-3.14637151,0.001653099
1318,3.143273767,0.001670695
3269,-3.140625891,0.001685872
1531,-3.139711873,0.001691141
873,3.136354171,0.001710625
1404,3.133489799,0.001727409
1292,3.133181046,0.001729227
880,3.131794007,0.001737417
3542,-3.130812745,0.001743233
2646,-3.130780119,0.001743426
2852,3.126205544,0.001770777
2334,3.124515668,0.00178098
3661,-3.119382956,0.001812302
1507,-3.118962747,0.001814889
3281,-3.11404851,0.001845391
1226,3.108636927,0.001879525
3006,3.106854844,0.001890892
1024,-3.105967094,0.001896578
721,-3.105351457,0.001900531
2048,-3.104915451,0.001903334
3190,3.104710815,0.001904651
2047,-3.103407986,0.001913057
2705,-3.103407986,0.001913057
667,3.090302939,0.001999524
2343,3.090159029,0.002000494
514,3.087968143,0.002015301
2654,3.081174527,0.002061858
1705,3.067885984,0.002155789
916,3.067341991,0.002159716
791,3.064232099,0.002182295
3176,3.056237541,0.002241336
940,3.055593577,0.002246155
1284,3.055228367,0.002248892
2881,3.053168837,0.002264385
1608,3.048608445,0.002299039
1661,-3.046464386,0.002315499
1050,3.044138798,0.002333475
3207,3.041757408,0.002352014
2595,-3.041645839,0.002352886
1573,3.039959169,0.002366102
1016,-3.038847924,0.002374847
2829,3.034927217,0.002405937
2329,3.022837961,0.002504163
913,3.021165945,0.002518033
48,3.021125598,0.002518369
1166,-3.019854671,0.00252896
1066,-3.012736927,0.002589032
500,-3.008908748,0.002621879
172,3.007307442,0.00263573
1193,-3.004502963,0.002660152
992,-3.00118971,0.00268927
1787,3.000742596,0.002693221
2096,2.999937821,0.002700347
1728,-2.995198075,0.002742667
2473,-2.994434297,0.002749543
1750,2.988199253,0.002806265
1309,2.984258513,0.002842665
2347,2.98318122,0.00285269
1717,2.97311641,0.002947926
1828,-2.970738296,0.002970848
1334,-2.969062707,0.002987096
335,-2.965151355,0.00302534
1945,2.964702612,0.003029757
297,2.961398053,0.003062459
1223,-2.956615567,0.003110356
1598,-2.955996283,0.003116608
868,2.955138994,0.003125282
2442,2.955006012,0.00312663
1928,2.95477691,0.003128952
1217,-2.948283292,0.003195441
331,2.946034734,0.003218763
1639,2.944358149,0.003236253
1164,-2.942295111,0.003257893
2883,2.940161617,0.003280411
1505,-2.936423771,0.003320204
1266,2.934316202,0.003342835
3330,2.934316202,0.003342835
3277,2.928982403,0.003400737
1642,2.923514568,0.00346104
552,-2.918912795,0.003512545
2521,2.912624546,0.003584052
3055,-2.908507484,0.003631585
2266,2.907002304,0.003649105
1934,2.905413222,0.003667685
3439,2.905413222,0.003667685
452,2.902138009,0.003706252
3061,-2.898523294,0.003749245
1010,-2.897680336,0.003759335
894,2.896833219,0.003769501
3524,-2.892433197,0.003822705
2344,-2.890541271,0.00384579
3177,2.890288347,0.003848886
1056,2.889652141,0.003856683
338,-2.884886472,0.003915548
2941,-2.883708774,0.00393022
2953,2.883573486,0.003931909
1335,2.881528316,0.003957517
328,-2.880812402,0.003966516
1255,-2.880341238,0.00397245
901,-2.879442957,0.003983784
798,2.878961951,0.003989865
156,2.869135155,0.004115959
3433,-2.864157998,0.004181194
220,2.863419545,0.004190952
27,2.86325157,0.004193175
2831,2.863181572,0.004194101
871,2.861512773,0.004216245
3110,2.852489545,0.004337824
2900,2.852309653,0.00434028
3300,2.840416345,0.004505469
889,2.839827266,0.004513797
1092,-2.838140769,0.004537717
2903,2.834598834,0.004588326
1737,-2.828790379,0.004672429
895,-2.825759152,0.004716872
934,2.813439986,0.004901453
1127,-2.79827473,0.005137639
3419,2.793216251,0.005218679
3584,-2.78912787,0.005285019
1832,-2.788829956,0.005289883
1180,-2.788111622,0.005301627
2295,-2.787738779,0.005307732
2040,2.779115892,0.005450707
88,2.774205395,0.005533673
3528,-2.771326172,0.005582847
3305,-2.770281984,0.005600778
2880,2.765997937,0.005674889
525,-2.764258837,0.005705226
2652,2.761623243,0.005751481
1779,-2.758313766,0.00581004
1363,-2.753958218,0.005887928
254,-2.750257594,0.005954843
744,-2.750257594,0.005954843
3278,2.746365726,0.006025955
1006,-2.7364472,0.006210656
3274,2.732367052,0.006288104
3322,-2.730230158,0.006329012
2275,2.729992863,0.00633357
206,2.724854601,0.006432981
3356,2.719493608,0.006538196
3474,2.716671919,0.006594194
1055,-2.714094916,0.006645712
3069,-2.713114344,0.00666541
2621,-2.712089443,0.006686055
3535,2.704383395,0.006843128
1062,2.697422061,0.006987864
2947,-2.69154323,0.007112228
2285,2.691434406,0.007114549
1752,-2.688925998,0.007168231
415,-2.688793464,0.007171077
1366,2.688747004,0.007172075
2180,-2.687774566,0.007192994
1184,2.687592715,0.007196912
1547,2.686558528,0.00721923
3183,-2.683935491,0.007276114
1042,2.683724552,0.007280706
926,2.680458833,0.007352131
1130,2.671801485,0.007544527
1320,-2.670884026,0.007565178
1627,2.664183053,0.007717555
3100,-2.655178792,0.007926638
2553,-2.649080102,0.00807112
2445,2.636468545,0.008377397
2298,2.632437768,0.008477455
1512,-2.629819422,0.008543023
1564,-2.626582311,0.008624713
2171,2.61857026,0.008829911
248,-2.614464773,0.008936738
1991,2.602365327,0.009258317
3343,2.601779051,0.009274158
1484,2.589220863,0.009619338
1321,2.588099499,0.00965071
890,2.585455697,0.009725037
1561,-2.583040977,0.009793369
30,-2.575656111,0.01000501
511,-2.574411898,0.010041066
298,2.571457262,0.010127151
1152,-2.569021515,0.010198613
2967,2.568754025,0.010206488
3641,2.566274754,0.010279737
3073,-2.561160848,0.010432304
849,2.560289934,0.010458487
504,2.55744515,0.010544419
698,2.55744515,0.010544419
1204,2.55744515,0.010544419
373,-2.546622027,0.010877118
2441,-2.544956027,0.01092915
1371,2.543137426,0.010986201
2461,2.5401157,0.01108158
3117,2.539432234,0.011103255
3465,-2.537787365,0.011155574
2164,2.535666693,0.01122335
2162,2.535285564,0.011235569
488,2.533938032,0.011278868
1933,-2.533289014,0.011299774
3353,2.528514204,0.011454645
930,2.523642187,0.011614608
2906,2.518717359,0.011778316
3296,2.517363484,0.011823678
3710,2.513571901,0.011951541
527,2.512133095,0.012000382
3472,-2.500080104,0.012416523
547,2.499169922,0.012448461
247,2.49736196,0.012512117
541,2.496199939,0.012553182
1993,2.494634815,0.012608682
783,2.493377908,0.012653409
1191,2.489982305,0.012774946
3076,2.487780232,0.012854314
1082,-2.487028736,0.012881499
1109,2.483177871,0.013021605
1799,2.480509117,0.013119491
1213,2.474164996,0.0133548
3204,2.468509163,0.013567718
731,2.459142421,0.013926936
166,2.458404231,0.013955599
1131,2.44863349,0.014339928
2356,-2.443978578,0.014526289
3649,-2.441149952,0.014640574
793,2.43808452,0.014765321
1552,2.430629172,0.015072632
932,2.427415929,0.015206811
933,2.423206069,0.015384197
3357,-2.422657733,0.015407435
65,2.422171586,0.015428064
2301,-2.421702638,0.015447986
89,-2.416975432,0.015650073
3302,2.412004042,0.015865106
1662,-2.405598471,0.016146
881,2.404563403,0.016191797
559,2.404057726,0.016214213
1215,2.403062079,0.016258427
1584,2.383736985,0.017137846
1013,2.383345391,0.017156089
3202,2.377888241,0.017412102
3600,2.373890221,0.017601783
197,2.373202023,0.017634616
2700,2.365644658,0.01799871
935,2.362847689,0.018135121
937,-2.360423099,0.018254103
684,2.355435571,0.018501005
1715,2.351415551,0.018702134
1783,2.351044796,0.01872078
558,-2.349653347,0.018790902
2983,2.348278859,0.018860395
1350,2.342537183,0.019153125
2659,-2.339051495,0.019332769
1174,2.337220757,0.019427708
2446,2.336809435,0.019449095
735,2.333564995,0.019618511
1711,2.333307288,0.019632023
2348,2.331457658,0.01972924
718,2.329332933,0.019841435
1274,2.32795297,0.019914601
1487,2.32795297,0.019914601
2165,2.32795297,0.019914601
2336,2.32795297,0.019914601
3105,2.32795297,0.019914601
3577,-2.324791432,0.020083115
495,-2.320604109,0.02030822
62,2.31651762,0.020530024
3643,2.314997222,0.020613084
1741,2.314536902,0.020638289
727,-2.31411763,0.020661271
45,2.311537508,0.020803184
1514,2.297485923,0.021591065
2175,2.291699255,0.021923003
920,2.282831909,0.022440272
853,2.282018342,0.022488257
2369,2.279013437,0.022666267
1322,2.27841428,0.022701906
2037,2.275098306,0.022900033
240,2.270970088,0.023148789
2961,-2.266269591,0.023434882
561,-2.262934984,0.023639697
3382,2.262325217,0.023677318
1923,2.260469739,0.023792113
2913,2.258093822,0.023939811
3113,-2.252097213,0.024316129
3214,-2.252097213,0.024316129
875,2.249261895,0.024495839
1567,2.24815345,0.024566407
2586,2.244401532,0.024806578
645,2.242914218,0.024902347
1060,2.241454452,0.024996653
425,2.240752154,0.025042134
1032,2.240093673,0.025084842
3275,2.239077049,0.025150903
491,2.238185168,0.025208982
3594,2.235392475,0.025391594
2643,-2.230048637,0.025744214
161,2.228702488,0.025833707
2341,2.217744115,0.026572285
893,2.209476796,0.027141495
1155,2.202916684,0.027600621
2977,-2.192022225,0.028377902
3568,2.188935241,0.028601547
884,2.187889321,0.028677665
3606,2.187875599,0.028678665
1058,2.186334805,0.02879112
3521,-2.185735295,0.028834977
3639,-2.185735295,0.028834977
685,-2.182386984,0.029080984
3580,2.179863664,0.029267569
2207,2.179454806,0.029297899
709,-2.178845881,0.029343119
1080,-2.173737916,0.029724823
3359,2.168897199,0.030090489
2167,-2.16799129,0.030159349
1841,2.165992842,0.030311734
2832,2.162291023,0.030595751
1311,2.149929899,0.03156076
2945,2.1426379,0.032142185
453,2.13479484,0.032777772
3559,-2.133253457,0.03290394
3608,2.132395365,0.032974358
3191,2.13165631,0.033035111
497,2.130639616,0.033118843
2097,-2.130624247,0.03312011
492,2.130159835,0.03315842
1925,2.127015762,0.033418774
3309,2.127015762,0.033418774
3438,2.127015762,0.033418774
214,2.123819323,0.033685255
1654,2.120760996,0.033941921
2527,-2.115558808,0.034382348
3355,-2.112105233,0.034677424
2715,-2.110103915,0.034849406
2662,-2.109478423,0.034903307
167,2.101943281,0.035558245
899,-2.099795064,0.035746873
641,2.093034718,0.036346055
3344,-2.092808143,0.036366285
3154,-2.091770355,0.036459063
3445,2.090061359,0.036612288
2590,2.084882505,0.037079967
2902,2.079296022,0.037590151
1746,-2.078155863,0.037695006
2588,-2.074896986,0.037996083
900,2.074865929,0.037998962
2361,2.071658845,0.038297268
138,2.068511321,0.038591967
1777,2.063721756,0.039044105
3585,2.061519598,0.039253496
3298,2.055033181,0.0398758
1562,2.049328682,0.040429986
872,2.048116059,0.040548629
1833,2.044197801,0.04093401
3352,2.04202741,0.041148812
54,2.040381849,0.041312308
3306,2.039060675,0.041443972
3156,-2.032005283,0.042153121
1670,-2.024200907,0.042949484
2556,-2.023926478,0.042977717
869,2.021759353,0.043201219
3,2.021711392,0.043206176
407,2.020733044,0.043307407
379,2.019727196,0.043411692
724,1.998475746,0.045665107
929,1.986423873,0.046986278
503,-1.985507761,0.047088007
1104,-1.985507761,0.047088007
1537,-1.985507761,0.047088007
2997,1.979870308,0.047718104
1038,-1.974341683,0.048342904
507,1.970338571,0.048799581
1163,-1.965999612,0.049298655
1987,1.96494712,0.049420358
3308,1.964670252,0.049452415
1117,1.960930136,0.049887173
842,1.959616602,0.050040619
450,1.958990968,0.050113845
702,1.958913116,0.050122963
1118,1.957284057,0.050314081
896,1.95544463,0.050530613
3020,1.949763845,0.051204273
1610,1.943804584,0.051919021
3358,-1.94188894,0.052150547
3498,1.935036131,0.052985862
1003,-1.934774601,0.053017961
1079,-1.934689281,0.053028436
1173,-1.934689281,0.053028436
3023,1.924486476,0.054293634
137,-1.920128912,0.054841618
2828,1.919463678,0.054925679
1713,1.917750226,0.05514269
3400,1.913616965,0.055669116
143,-1.91049217,0.056069874
2170,1.907384901,0.056470763
1663,1.895784976,0.057988483
3579,-1.891162582,0.058602645
1037,-1.887293387,0.059120875
3171,1.883267949,0.059664065
377,-1.873413826,0.061011262
502,1.867127328,0.061883809
2273,1.865555121,0.062103634
1177,-1.86362571,0.062374285
911,1.862831362,0.062485996
1124,-1.862063178,0.062594185
2897,1.861551021,0.062666403
3475,-1.859359995,0.062976128
1195,1.859168616,0.063003242
2634,1.857593469,0.063226767
2457,-1.844122113,0.065165346
3684,-1.824519966,0.068073501
2591,1.824169786,0.068126408
2826,-1.817447912,0.069148557
1374,-1.816774529,0.069251644
891,1.809868176,0.070316232
1581,-1.807772636,0.070641894
3103,1.797210036,0.072302282
2110,-1.794811644,0.072683715
1794,1.788894483,0.07363181
3172,1.786457411,0.074025227
1295,1.78242157,0.074680511
207,1.778011639,0.075401943
1869,1.77728693,0.075521043
2283,-1.777111848,0.075549839
2959,1.77618889,0.075701789
3287,-1.774495719,0.07598119
1938,1.773534058,0.076140254
887,-1.77313638,0.076206111
928,-1.763911136,0.077746942
3166,-1.761123875,0.078217439
85,1.754157533,0.079403518
2592,-1.750629101,0.080009819
517,-1.749967571,0.08012391
1489,1.743176178,0.081302845
2286,1.737071195,0.082374605
2622,1.734809471,0.082774558
2981,1.732078192,0.083259642
83,1.731488749,0.08336463
3607,1.729946699,0.083639799
2846,1.728065542,0.083976474
1957,-1.719846779,0.085460297
980,-1.712208844,0.086858188
2462,-1.70298452,0.088570965
1198,1.698387798,0.089434594
1800,-1.69594239,0.089896791
339,-1.69588789,0.089907114
1491,-1.69588789,0.089907114
1496,-1.691615039,0.090719397
1560,1.689575502,0.091109196
2651,-1.686697384,0.091661555
914,1.684831233,0.092021137
2390,1.68304284,0.092366799
1586,1.673031819,0.094321032
3405,1.672111014,0.094502433
1652,1.670994837,0.094722698
2552,-1.67027013,0.09486593
912,1.664612647,0.095990061
3477,-1.663960759,0.096120272
2199,-1.663834352,0.096145537
3518,1.66120272,0.096672739
2990,-1.657215585,0.097475897
1924,1.651255393,0.098686437
10,1.644641383,0.100043787
797,-1.640256608,0.100951824
2974,-1.640256608,0.100951824
1450,-1.639787793,0.101049297
1354,1.639059446,0.10120088
1569,1.639059446,0.10120088
3578,1.637510529,0.101523841
2899,-1.637283079,0.101571335
1360,1.637125982,0.101604149
1651,1.628380931,0.103444138
3109,1.622282351,0.104742906
412,1.60928248,0.107554588
468,1.609168586,0.107579483
1043,1.608986893,0.107619208
289,-1.607712102,0.107898247
2389,-1.603420112,0.108841934
1196,-1.597911509,0.110062672
60,1.591200222,0.111564523
3466,1.585686237,0.112810503
1871,1.583139587,0.113389652
936,1.582674236,0.113495734
1822,1.581037193,0.113869534
1089,1.575208982,0.115208215
1524,1.571816788,0.115993047
1192,-1.5654927,0.117467428
2269,1.564912481,0.117603432
644,1.563994614,0.117818833
708,1.556892831,0.119495932
986,1.550323167,0.12106397
3054,-1.542040105,0.123063848
1154,1.537615559,0.124142641
1950,1.529867732,0.126049472
510,1.52688572,0.126789431
996,-1.521639498,0.128099435
2721,-1.516855668,0.129303129
1719,1.514149775,0.129987857
924,1.513427321,0.130171149
867,1.513064376,0.130263308
1922,1.511896001,0.130560321
2640,1.506576273,0.131919303
3601,-1.501724053,0.133168389
1611,-1.499761008,0.133676321
1046,1.497634803,0.134228159
2418,1.490489557,0.13609556
923,1.489319446,0.136403269
3588,1.481843985,0.138381812
3674,1.481315216,0.138522596
342,-1.471246145,0.141224562
1277,1.460824197,0.144063694
2665,-1.460127824,0.144254947
2045,1.458134092,0.144803586
1778,1.454904538,0.145695691
570,1.450153211,0.147015799
2240,1.446682064,0.14798599
2351,-1.44539268,0.148347618
3364,-1.44539268,0.148347618
1736,1.442452032,0.149174894
1052,1.436448919,0.150874642
198,-1.434605002,0.151399688
3742,-1.430317153,0.152626014
3301,-1.428807399,0.153059598
1529,1.423870317,0.154484016
382,1.415961743,0.156786706
3586,1.41511057,0.15703608
726,-1.410582674,0.158367703
3534,1.403346915,0.160513415
883,1.40308487,0.160591532
388,1.392458763,0.163783521
649,1.386181637,0.165691447
1047,1.378189241,0.168144868
1348,-1.375583937,0.168950483
1659,1.367113623,0.171589694
1546,-1.364105093,0.172534492
1116,1.363028881,0.172873409
2463,-1.3583002,0.174368447
2161,1.354077724,0.175711582
1441,1.352069466,0.176353094
1102,1.349542252,0.177162858
1605,1.348290003,0.177565126
1199,-1.342643374,0.179387479
738,1.342126918,0.179554847
679,1.34153825,0.17974576
2363,1.339437463,0.1804283
1927,1.336123277,0.181508983
2168,-1.331600744,0.18299142
2414,1.331000384,0.183188885
1028,1.327434291,0.184365063
58,-1.326807776,0.184572277
5,1.32424791,0.185420724
3360,-1.321995389,0.186169686
681,1.320887925,0.186538737
3174,1.320247561,0.186752377
1530,1.309893585,0.190231838
2704,-1.29732041,0.194520965
77,1.296627075,0.194759532
1201,-1.28902211,0.1973904
650,1.286345609,0.198322472
294,1.286295402,0.198339987
1558,-1.285937536,0.198464862
3276,-1.281287593,0.200092669
340,-1.279220334,0.200819477
563,-1.279220334,0.200819477
739,-1.277978481,0.201257014
3339,-1.275842364,0.202011249
249,-1.271398066,0.20358707
2942,1.271361795,0.203599968
2726,-1.268813352,0.204507642
3378,-1.267152089,0.205100913
2205,1.265839265,0.205570634
2200,1.26546715,0.205703917
1500,1.265411959,0.205723691
2882,1.259639147,0.207799567
3211,-1.254654284,0.209604288
2353,-1.251817104,0.210636516
3167,1.249992486,0.211302292
1343,-1.231463119,0.218149702
3539,1.21702592,0.223594354
1577,-1.215885378,0.224028589
1949,1.198278836,0.230808483
2447,-1.193875815,0.232526549
2991,-1.193875815,0.232526549
1341,-1.189622209,0.234194913
1606,-1.189407051,0.234279527
2996,1.188174864,0.234764525
485,1.186600533,0.235385226
2405,1.186246523,0.235524959
1731,1.184912325,0.236052114
3381,1.183421966,0.236641956
994,-1.183021131,0.236800773
1559,-1.180582267,0.237768711
3124,1.176383919,0.239441495
3065,-1.174159503,0.240331143
2915,-1.17334172,0.240658798
1660,1.172542796,0.240979201
2365,1.172512598,0.240991317
3679,-1.167546113,0.242989897
74,1.158048001,0.246844449
2987,-1.155910976,0.247717573
191,1.155764398,0.247777539
557,1.154106787,0.248456391
3102,1.152166492,0.249252664
1742,-1.138581064,0.25487793
2589,1.133627532,0.256950819
1162,-1.132428664,0.25745426
1305,1.129571182,0.25865696
829,-1.125818968,0.260242154
2413,1.12555007,0.260356012
1202,-1.122581574,0.261615244
1932,1.119064914,0.263112447
3634,-1.117747778,0.263674731
1001,-1.116108398,0.264375738
1428,-1.106751513,0.268401377
3682,-1.101431336,0.270708973
140,1.093717007,0.274079113
689,1.092157614,0.274763829
3270,1.090966633,0.275287565
2409,-1.087491868,0.276819491
1597,1.086296862,0.277347675
2346,1.07749332,0.281259933
332,-1.071957549,0.2837391
1035,-1.069731606,0.284740136
1370,1.068583723,0.285257286
3570,1.062648878,0.287941212
1568,-1.061643082,0.288397748
1165,1.05792374,0.290090211
3762,-1.057664873,0.290208255
845,1.051617977,0.292974857
1120,-1.05129282,0.293124124
1843,-1.046151301,0.295491183
509,1.045404715,0.295835959
1570,-1.041386393,0.297696255
1308,1.039446287,0.298597227
977,1.034989215,0.300673948
2708,1.030597943,0.302729401
1680,-1.028158199,0.303875418
998,1.02576668,0.305001575
1314,1.024697842,0.305505782
1182,1.022109019,0.306729305
1718,-1.016596036,0.309345641
2386,-1.016596036,0.309345641
2896,1.012170486,0.311456545
554,1.007583426,0.313654489
1071,-1.001165078,0.316747007
419,-1.000483493,0.317076582
2284,-0.99037692,0.321989922
3074,-0.989786529,0.32227847
2163,-0.988219022,0.323045394
545,0.986814499,0.323733586
919,-0.976169459,0.328980495
1801,-0.973599717,0.330255327
1458,0.971025693,0.331535484
1951,-0.969601039,0.332245395
3206,-0.964148574,0.334971443
2966,-0.963402144,0.335345751
843,-0.963197299,0.335448521
2642,-0.961986082,0.336056595
41,0.956148145,0.338997394
3646,0.95554923,0.339300022
1049,0.948831197,0.342706472
333,0.942367476,0.346004533
3671,-0.940397357,0.347013777
253,0.939556632,0.34744503
2724,-0.938761229,0.347853349
2697,0.936991918,0.348762715
1181,0.936440983,0.349046185
204,-0.931060836,0.351822096
1233,0.924692665,0.355125796
256,0.920709723,0.357201999
3663,0.917715164,0.358768007
1072,-0.904674865,0.365637661
3354,-0.895382679,0.370582557
1592,0.893623143,0.37152356
2239,-0.8933736,0.371657136
145,-0.893235531,0.371731054
194,0.893160813,0.37177106
855,0.892045988,0.372368283
2443,0.889645635,0.373656194
3706,0.879549574,0.379103366
2948,0.877175988,0.380391056
1649,-0.859940277,0.389821965
1714,-0.851060415,0.394735793
2503,-0.85078971,0.394886179
991,0.849591627,0.395552168
2367,-0.839376133,0.401258273
1020,0.837442398,0.402343942
2044,0.837442398,0.402343942
2267,-0.83727177,0.402439823
2859,-0.832522605,0.405114024
1007,0.830943661,0.406005457
3533,0.830934295,0.406010748
1281,-0.823454944,0.410249329
2725,-0.817459909,0.413665652
16,-0.816924746,0.413971435
1076,0.80712347,0.419595352
3609,-0.79952786,0.423984399
473,0.794829645,0.426712604
3349,0.793934897,0.427233333
414,0.777234038,0.437020704
3185,-0.776089434,0.437696182
2639,0.774594798,0.438579132
2042,-0.773988615,0.438937524
2593,-0.770624223,0.440929699
1187,0.765473251,0.443989789
2272,-0.765005389,0.444268336
2524,-0.761892606,0.446124103
2046,0.761594759,0.446301904
3104,-0.761326509,0.446462071
2338,0.757932884,0.448491163
25,0.757314636,0.448861385
870,-0.754333599,0.450648932
1931,0.747713559,0.454632951
3669,-0.740641668,0.458910737
1823,-0.735857548,0.461817394
1747,-0.732861779,0.463642737
1727,0.732398953,0.463925097
2107,0.725390993,0.468212197
1183,0.724697737,0.468637483
1077,-0.715879348,0.474065852
1712,0.707719404,0.479119525
3060,0.706780165,0.479703103
852,0.706780165,0.479703103
1110,-0.703257153,0.481895508
3310,0.678085807,0.497717289
1270,-0.676815014,0.498523331
1666,0.675141224,0.499586045
8,-0.674663841,0.499889363
666,-0.673697074,0.500503923
1296,-0.668654664,0.503715793
909,-0.666222132,0.505269128
1101,0.66223907,0.507818019
1942,-0.653090027,0.513698241
1018,-0.653068746,0.51371196
2703,-0.653068746,0.51371196
1186,0.650430206,0.515414371
3589,0.649936733,0.51573309
490,-0.645321173,0.518719075
2958,-0.635478179,0.525116594
571,0.632611183,0.526987582
68,0.631595832,0.527651011
707,0.628965321,0.52937176
3446,0.627469106,0.530351781
862,0.620301606,0.535059237
722,0.614304042,0.539014432
688,-0.612263582,0.54036338
2335,-0.612240438,0.540378691
1948,-0.600081736,0.548451764
647,-0.598503054,0.549504322
487,0.594286219,0.552320694
2099,0.591308365,0.554313826
359,0.586935037,0.557247337
2265,0.580547266,0.561545622
886,0.572404523,0.567047952
376,0.570797174,0.568137139
2203,0.568387835,0.569771649
2605,0.564823722,0.57219367
2887,-0.562726945,0.573620833
3363,-0.561221701,0.574646411
736,-0.558765868,0.576321519
1603,-0.558009125,0.576838153
1992,-0.555594423,0.578488145
1448,-0.555252641,0.578721868
334,-0.553601004,0.579851939
3067,0.549735505,0.582500801
1667,-0.54800534,0.583688236
3314,-0.539159965,0.589776482
847,-0.538562609,0.590188693
1772,0.537184955,0.591139863
3337,-0.5327442,0.594210665
3283,0.530938253,0.595461569
1358,0.52953036,0.59643759
1490,-0.524877575,0.5996683
2623,0.524549859,0.599896151
336,0.522480121,0.601336084
1167,0.521838625,0.601782694
1342,0.519273524,0.603570014
3186,0.518577733,0.60405524
3075,-0.516999879,0.605156243
1827,0.516103882,0.605781857
1929,0.515886428,0.605933734
2049,0.512043366,0.60862066
2289,0.512043366,0.60862066
2337,-0.508216025,0.611301853
1252,-0.508159836,0.611341255
835,0.50487191,0.613648805
1086,-0.500134645,0.616980273
1669,-0.497268007,0.619000069
3581,-0.488316032,0.625326007
1753,-0.487109118,0.626181005
2274,-0.476863431,0.633459374
632,0.474227717,0.635337531
1290,0.469431883,0.638760963
1602,0.468933993,0.639116818
1025,0.468352635,0.639532434
830,-0.46513751,0.641832986
2857,-0.464762104,0.642101829
939,0.462076724,0.644026301
3612,-0.46150562,0.64443589
2667,-0.456428003,0.648082232
3052,0.455779089,0.648548843
1819,0.455560139,0.648706312
1831,-0.453260128,0.65036144
1432,0.447992172,0.654158846
3670,-0.444644753,0.6565765
1454,-0.441779858,0.658648515
2615,-0.439878795,0.660024895
3532,-0.436006062,0.662832331
1002,0.43169906,0.665960151
3557,-0.426954776,0.669412267
1075,0.416635002,0.676945404
3203,0.411835857,0.680459737
372,-0.408142113,0.683169343
3007,-0.407848223,0.683385108
2419,-0.405749682,0.684926534
1797,0.402117624,0.687597463
1017,-0.40142072,0.688110397
2638,0.400691679,0.688647138
232,-0.39255763,0.694646239
1673,0.389346696,0.697019697
3403,0.386283877,0.69928644
1254,-0.382536876,0.702063182
3152,-0.375429683,0.707340933
486,0.369432056,0.711805708
1493,-0.356251387,0.721652311
692,0.346545378,0.728932887
2710,0.346545378,0.728932887
1134,0.338502233,0.734984745
451,-0.334490901,0.738009156
832,0.333367049,0.738857233
882,-0.328704075,0.742379374
3063,-0.319431168,0.749399579
3268,0.318362839,0.750209723
1093,-0.31365222,0.753785194
2888,-0.311283553,0.755585069
1609,-0.309849971,0.756675049
1735,0.308541031,0.757670684
3241,-0.307186645,0.75870131
1430,0.305280761,0.760152327
3604,0.304931204,0.760418549
1994,-0.303125877,0.761793935
780,0.301571936,0.762978404
2904,-0.293842877,0.768877969
3572,0.291280353,0.770836912
2467,-0.286557694,0.774451011
2554,-0.286557694,0.774451011
917,0.282595748,0.77748674
2408,0.281062484,0.778662475
2268,0.280603978,0.779014165
1743,0.275587805,0.782864677
3121,0.243506795,0.807612822
898,0.238066035,0.811829878
3603,-0.236941182,0.812702421
2277,-0.227761376,0.819831755
2982,0.221868993,0.824415869
3473,-0.218634466,0.826934802
1083,-0.216626902,0.828499119
1099,-0.207421266,0.835680876
3440,-0.204323911,0.838100386
874,-0.199989771,0.841488581
2181,-0.196800913,0.843983337
1958,-0.196346037,0.84433933
1393,0.19441826,0.845848394
892,-0.19203126,0.847717719
2111,0.189216917,0.849922809
781,0.189034797,0.850065544
3380,0.188923824,0.850152521
63,-0.181474527,0.855995125
3376,-0.175783719,0.860463861
1788,0.175663342,0.860558436
2626,-0.171228298,0.864044257
569,0.166501862,0.867762018
1394,0.166130591,0.868054181
383,-0.165247678,0.868749039
3631,0.157592712,0.874777747
3338,-0.151525129,0.87956149
695,0.15094113,0.880022155
2322,0.150244713,0.88057155
742,0.148401111,0.882026223
1312,-0.147603266,0.882655878
3282,-0.145153716,0.884589508
560,0.140658462,0.888139761
3519,-0.13797855,0.89025737
2415,-0.132082226,0.894919254
2973,-0.128720635,0.897578707
259,0.128561663,0.897704503
2458,-0.119896034,0.904565506
2278,-0.109490619,0.912813362
938,-0.107689055,0.914242352
1624,0.10283172,0.91809653
3198,0.0991434,0.921024414
1665,0.098280267,0.921709747
2555,-0.096872124,0.922827947
1033,0.094591005,0.924639695
2702,-0.094171527,0.924972902
2328,-0.084440924,0.932705871
2352,0.079592031,0.936561733
1122,0.07784309,0.937952869
1397,-0.068776962,0.945167156
2034,-0.068768638,0.945173782
2655,-0.063887143,0.94906009
683,0.05674754,0.954746303
2845,-0.05647648,0.954962232
3540,-0.05647648,0.954962232
2650,0.053441621,0.957380044
802,-0.052557073,0.958084821
86,-0.045944978,0.963354105
1132,-0.045944978,0.963354105
1536,-0.045944978,0.963354105
2296,-0.045944978,0.963354105
3196,-0.045944978,0.963354105
1599,-0.039627331,0.968390238
1650,0.033902184,0.972955151
3644,-0.031506818,0.974865355
1582,-0.028277676,0.977440685
3326,0.023598996,0.981172473
3384,-0.022794673,0.981814057
192,0.018165492,0.985506831
387,-0.017510845,0.986029081
3536,-0.01416482,0.988698487
234,0.013265534,0.989415946
1027,0.013265534,0.989415946
1398,0.013265534,0.989415946
1533,0.013265534,0.989415946
2706,0.013265534,0.989415946
2459,-0.013149245,0.989508723
526,-0.005247483,0.995813134
687,-0.003465894,0.997234622
